motor,pwm,pos,duration,n_points,first,last,sum
1,64,0.0,0.2,1,3925.3333333333335,3925.3333333333335,3925.3333333333335
1,64,0.0,3.0,21,2762.0,14316.0,258575.6666666667
1,64,2836.0,0.2,1,6395.0,6395.0,6395.0
1,64,2836.0,3.0,21,5523.333333333333,14316.0,270450.0
1,64,5672.0,0.2,1,8391.333333333334,8391.333333333334,8391.333333333334
1,64,5672.0,3.0,21,7689.0,14316.0,279806.6666666667
1,64,8508.0,0.2,1,10471.333333333334,10471.333333333334,10471.333333333334
1,64,8508.0,3.0,21,9924.666666666666,14316.0,288873.6666666666
1,64,11344.0,0.2,1,12599.666666666666,12599.666666666666,12599.666666666666
1,64,11344.0,3.0,21,12299.666666666666,14316.0,296381.6666666666
1,64,14180.0,0.2,1,14316.0,14316.0,14316.0
1,64,14180.0,3.0,21,14316.0,14316.0,300636.0
1,64,17016.0,0.2,1,17016.0,17016.0,17016.0
1,64,17016.0,3.0,21,17016.0,17016.0,357336.0
1,-64,-194.0,0.2,1,-194.0,-194.0,-194.0
1,-64,-194.0,3.0,21,-194.0,-194.0,-4074.0
1,-64,2674.3333333333335,0.2,1,215.66666666666666,215.66666666666666,215.66666666666666
1,-64,2674.3333333333335,3.0,21,678.3333333333334,-145.33333333333334,-2228.3333333333335
1,-64,5542.666666666667,0.2,1,1251.0,1251.0,1251.0
1,-64,5542.666666666667,3.0,21,2200.3333333333335,-145.33333333333334,-76.33333333333351
1,-64,8411.0,0.2,1,3634.6666666666665,3634.6666666666665,3634.6666666666665
1,-64,8411.0,3.0,21,5005.666666666667,-145.33333333333334,4520.000000000002
1,-64,11279.333333333334,0.2,1,6664.0,6664.0,6664.0
1,-64,11279.333333333334,3.0,21,8004.666666666667,-145.33333333333334,11840.33333333333
1,-64,14147.666666666668,0.2,1,9733.666666666666,9733.666666666666,9733.666666666666
1,-64,14147.666666666668,3.0,21,11027.0,-145.33333333333334,22232.666666666675
1,-64,17016.0,0.2,1,10362.0,10362.0,10362.0
1,-64,17016.0,3.0,21,11635.0,-145.33333333333334,24796.000000000004
1,96,0.0,0.2,1,6279.75,6279.75,6279.75
1,96,0.0,3.0,21,4536.5,16961.75,328314.5
1,96,2841.0,0.2,1,8820.25,8820.25,8820.25
1,96,2841.0,3.0,21,7280.75,16961.75,336956.75
1,96,5682.0,0.2,1,10989.0,10989.0,10989.0
1,96,5682.0,3.0,21,9584.5,16961.75,343332.0
1,96,8523.0,0.2,1,13361.25,13361.25,13361.25
1,96,8523.0,3.0,21,12052.75,16961.75,348885.75
1,96,11364.0,0.2,1,15549.5,15549.5,15549.5
1,96,11364.0,3.0,21,14511.5,16961.75,353081.25
1,96,14205.0,0.2,1,16668.25,16668.25,16668.25
1,96,14205.0,3.0,21,16447.5,16961.75,355417.25
1,96,17046.0,0.2,1,17046.0,17046.0,17046.0
1,96,17046.0,3.0,21,17046.0,17046.0,357966.0
1,-96,-368.0,0.2,1,-368.0,-368.0,-368.0
1,-96,-368.0,3.0,21,-368.0,-368.0,-7728.0
1,-96,2534.3333333333335,0.2,1,-320.0,-320.0,-320.0
1,-96,2534.3333333333335,3.0,21,-320.0,-320.0,-6720.0
1,-96,5436.666666666667,0.2,1,-320.0,-320.0,-320.0
1,-96,5436.666666666667,3.0,21,27.0,-320.0,-6373.0
1,-96,8339.0,0.2,1,395.5,395.5,395.5
1,-96,8339.0,3.0,21,2615.75,-320.0,-3784.25
1,-96,11241.333333333334,0.2,1,3491.0,3491.0,3491.0
1,-96,11241.333333333334,3.0,21,5750.5,-320.0,-124.25
1,-96,14143.666666666668,0.2,1,6660.75,6660.75,6660.75
1,-96,14143.666666666668,3.0,21,8860.25,-320.0,6033.25
1,-96,17046.0,0.2,1,9800.75,9800.75,9800.75
1,-96,17046.0,3.0,21,11921.0,-320.0,13492.0
1,128,0.0,0.2,1,7999.5,7999.5,7999.5
1,128,0.0,3.0,21,5684.333333333333,17101.0,340877.8333333333
1,128,2862.0,0.2,1,10977.666666666666,10977.666666666666,10977.666666666666
1,128,2862.0,3.0,21,8752.0,17101.0,347740.0
1,128,5724.0,0.2,1,13445.333333333334,13445.333333333334,13445.333333333334
1,128,5724.0,3.0,21,11393.333333333334,17101.0,352357.0
1,128,8586.0,0.2,1,15688.5,15688.5,15688.5
1,128,8586.0,3.0,21,13965.833333333334,17101.0,355974.5
1,128,11448.0,0.2,1,16987.0,16987.0,16987.0
1,128,11448.0,3.0,21,16095.0,17101.0,358115.0
1,128,14310.0,0.2,1,17101.0,17101.0,17101.0
1,128,14310.0,3.0,21,17101.0,17101.0,359121.0
1,128,17172.0,0.2,1,17172.0,17172.0,17172.0
1,128,17172.0,3.0,21,17172.0,17172.0,360612.0
1,-128,-557.0,0.2,1,-557.0,-557.0,-557.0
1,-128,-557.0,3.0,21,-557.0,-557.0,-11697.0
1,-128,2397.8333333333335,0.2,1,-493.0,-493.0,-493.0
1,-128,2397.8333333333335,3.0,21,-493.0,-493.0,-10353.0
1,-128,5352.666666666667,0.2,1,-493.0,-493.0,-493.0
1,-128,5352.666666666667,3.0,21,-412.5,-493.0,-10272.5
1,-128,8307.5,0.2,1,-361.6666666666667,-361.6666666666667,-361.6666666666667
1,-128,8307.5,3.0,21,1355.3333333333333,-493.0,-8504.666666666668
1,-128,11262.333333333334,0.2,1,1649.6666666666667,1649.6666666666667,1649.6666666666667
1,-128,11262.333333333334,3.0,21,4457.166666666667,-493.0,-5401.166666666666
1,-128,14217.166666666668,0.2,1,4830.166666666667,4830.166666666667,4830.166666666667
1,-128,14217.166666666668,3.0,21,7591.666666666667,-493.0,-1113.833333333333
1,-128,17172.0,0.2,1,8448.833333333334,8448.833333333334,8448.833333333334
1,-128,17172.0,3.0,21,11086.0,-493.0,6013.166666666668
1,160,0.0,0.2,1,9023.8,9023.8,9023.8
1,160,0.0,3.0,21,6459.4,17116.6,344237.9999999999
1,160,2866.8333333333335,0.2,1,11959.4,11959.4,11959.4
1,160,2866.8333333333335,3.0,21,9473.2,17116.6,350069.59999999986
1,160,5733.666666666667,0.2,1,14425.2,14425.2,14425.2
1,160,5733.666666666667,3.0,21,12124.8,17116.6,354203.7999999999
1,160,8600.5,0.2,1,16496.0,16496.0,16496.0
1,160,8600.5,3.0,21,14663.8,17116.6,356995.7999999999
1,160,11467.333333333334,0.2,1,17059.0,17059.0,17059.0
1,160,11467.333333333334,3.0,21,16645.4,17116.6,358977.39999999985
1,160,14334.166666666668,0.2,1,17116.6,17116.6,17116.6
1,160,14334.166666666668,3.0,21,17113.2,17116.6,359445.19999999984
1,160,17201.0,0.2,1,17201.0,17201.0,17201.0
1,160,17201.0,3.0,21,17201.0,17201.0,361221.0
1,-160,-688.0,0.2,1,-688.0,-688.0,-688.0
1,-160,-688.0,3.0,21,-688.0,-688.0,-14448.0
1,-160,2293.3333333333335,0.2,1,-595.8,-595.8,-595.8
1,-160,2293.3333333333335,3.0,21,-595.8,-595.8,-12511.799999999996
1,-160,5274.666666666667,0.2,1,-595.8,-595.8,-595.8
1,-160,5274.666666666667,3.0,21,-585.8,-595.8,-12501.799999999996
1,-160,8256.0,0.2,1,-588.4,-588.4,-588.4
1,-160,8256.0,3.0,21,557.4,-595.8,-11358.599999999995
1,-160,11237.333333333334,0.2,1,557.4,557.4,557.4
1,-160,11237.333333333334,3.0,21,3618.4,-595.8,-8297.599999999999
1,-160,14218.666666666668,0.2,1,3726.0,3726.0,3726.0
1,-160,14218.666666666668,3.0,21,6786.4,-595.8,-4866.800000000001
1,-160,17200.0,0.2,1,7267.2,7267.2,7267.2
1,-160,17200.0,3.0,21,10269.8,-595.8,1566.1999999999982
1,192,0.0,0.2,1,9863.666666666666,9863.666666666666,9863.666666666666
1,192,0.0,3.0,21,7040.666666666667,17209.0,348104.3333333333
1,192,2881.3333333333335,0.2,1,12923.666666666666,12923.666666666666,12923.666666666666
1,192,2881.3333333333335,3.0,21,10093.0,17209.0,353833.6666666667
1,192,5762.666666666667,0.2,1,15621.0,15621.0,15621.0
1,192,5762.666666666667,3.0,21,12874.333333333334,17209.0,357054.3333333334
1,192,8644.0,0.2,1,17169.0,17169.0,17169.0
1,192,8644.0,3.0,21,15667.666666666666,17209.0,359847.6666666666
1,192,11525.333333333334,0.2,1,17209.0,17209.0,17209.0
1,192,11525.333333333334,3.0,21,17180.0,17209.0,361360.0
1,192,14406.666666666668,0.2,1,17209.0,17209.0,17209.0
1,192,14406.666666666668,3.0,21,17209.0,17209.0,361389.0
1,192,17288.0,0.2,1,17288.0,17288.0,17288.0
1,192,17288.0,3.0,21,17288.0,17288.0,363048.0
1,-192,-707.0,0.2,1,-707.0,-707.0,-707.0
1,-192,-707.0,3.0,21,-707.0,-707.0,-14847.0
1,-192,2292.1666666666665,0.2,1,-659.25,-659.25,-659.25
1,-192,2292.1666666666665,3.0,21,-659.25,-659.25,-13844.25
1,-192,5291.333333333333,0.2,1,-659.25,-659.25,-659.25
1,-192,5291.333333333333,3.0,21,-659.25,-659.25,-13844.25
1,-192,8290.5,0.2,1,-659.25,-659.25,-659.25
1,-192,8290.5,3.0,21,-142.5,-659.25,-13327.5
1,-192,11289.666666666666,0.2,1,-314.5,-314.5,-314.5
1,-192,11289.666666666666,3.0,21,2947.25,-659.25,-10237.75
1,-192,14288.833333333332,0.2,1,2768.25,2768.25,2768.25
1,-192,14288.833333333332,3.0,21,6169.25,-659.25,-7015.75
1,-192,17288.0,0.2,1,6347.75,6347.75,6347.75
1,-192,17288.0,3.0,21,9658.75,-659.25,-1646.75
1,224,0.0,0.2,1,10436.833333333334,10436.833333333334,10436.833333333334
1,224,0.0,3.0,21,7429.666666666667,17213.833333333332,349404.9999999999
1,224,2880.3333333333335,0.2,1,13539.0,13539.0,13539.0
1,224,2880.3333333333335,3.0,21,10551.5,17213.833333333332,354670.8333333332
1,224,5760.666666666667,0.2,1,16192.333333333334,16192.333333333334,16192.333333333334
1,224,5760.666666666667,3.0,21,13330.0,17213.833333333332,357606.66666666657
1,224,8641.0,0.2,1,17210.5,17210.5,17210.5
1,224,8641.0,3.0,21,16094.666666666666,17213.833333333332,360371.3333333332
1,224,11521.333333333334,0.2,1,17213.833333333332,17213.833333333332,17213.833333333332
1,224,11521.333333333334,3.0,21,17198.0,17213.833333333332,361474.66666666657
1,224,14401.666666666668,0.2,1,17213.833333333332,17213.833333333332,17213.833333333332
1,224,14401.666666666668,3.0,21,17213.833333333332,17213.833333333332,361490.4999999999
1,224,17282.0,0.2,1,17282.0,17282.0,17282.0
1,224,17282.0,3.0,21,17282.0,17282.0,362922.0
1,-224,-788.0,0.2,1,-788.0,-788.0,-788.0
1,-224,-788.0,3.0,21,-788.0,-788.0,-16548.0
1,-224,2223.5,0.2,1,-706.3333333333334,-706.3333333333334,-706.3333333333334
1,-224,2223.5,3.0,21,-706.3333333333334,-706.3333333333334,-14833.000000000004
1,-224,5235.0,0.2,1,-706.3333333333334,-706.3333333333334,-706.3333333333334
1,-224,5235.0,3.0,21,-706.3333333333334,-706.3333333333334,-14833.000000000004
1,-224,8246.5,0.2,1,-706.3333333333334,-706.3333333333334,-706.3333333333334
1,-224,8246.5,3.0,21,-390.6666666666667,-706.3333333333334,-14517.333333333338
1,-224,11258.0,0.2,1,-578.3333333333334,-578.3333333333334,-578.3333333333334
1,-224,11258.0,3.0,21,2494.0,-706.3333333333334,-11632.66666666667
1,-224,14269.5,0.2,1,2235.8333333333335,2235.8333333333335,2235.8333333333335
1,-224,14269.5,3.0,21,5771.833333333333,-706.3333333333334,-8354.833333333334
1,-224,17281.0,0.2,1,5833.666666666667,5833.666666666667,5833.666666666667
1,-224,17281.0,3.0,21,9312.666666666666,-706.3333333333334,-3595.1666666666697
1,255,0.0,0.2,1,11176.666666666666,11176.666666666666,11176.666666666666
1,255,0.0,3.0,21,7924.666666666667,17246.5,351502.0
1,255,2895.8333333333335,0.2,1,14281.166666666666,14281.166666666666,14281.166666666666
1,255,2895.8333333333335,3.0,21,11120.0,17246.5,356050.0
1,255,5791.666666666667,0.2,1,16810.5,16810.5,16810.5
1,255,5791.666666666667,3.0,21,13899.666666666666,17246.5,358829.6666666666
1,255,8687.5,0.2,1,17246.5,17246.5,17246.5
1,255,8687.5,3.0,21,16582.833333333332,17246.5,361512.8333333333
1,255,11583.333333333334,0.2,1,17246.5,17246.5,17246.5
1,255,11583.333333333334,3.0,21,17246.5,17246.5,362176.5
1,255,14479.166666666668,0.2,1,17246.5,17246.5,17246.5
1,255,14479.166666666668,3.0,21,17246.5,17246.5,362176.5
1,255,17375.0,0.2,1,17375.0,17375.0,17375.0
1,255,17375.0,3.0,21,17375.0,17375.0,364875.0
1,-255,-871.0,0.2,1,-871.0,-871.0,-871.0
1,-255,-871.0,3.0,21,-871.0,-871.0,-18291.0
1,-255,2170.0,0.2,1,-788.6666666666666,-788.6666666666666,-788.6666666666666
1,-255,2170.0,3.0,21,-788.6666666666666,-788.6666666666666,-16561.999999999996
1,-255,5211.0,0.2,1,-788.6666666666666,-788.6666666666666,-788.6666666666666
1,-255,5211.0,3.0,21,-788.6666666666666,-788.6666666666666,-16561.999999999996
1,-255,8252.0,0.2,1,-788.6666666666666,-788.6666666666666,-788.6666666666666
1,-255,8252.0,3.0,21,-664.8333333333334,-788.6666666666666,-16438.166666666664
1,-255,11293.0,0.2,1,-774.0,-774.0,-774.0
1,-255,11293.0,3.0,21,2046.0,-788.6666666666666,-13727.33333333333
1,-255,14334.0,0.2,1,1526.6666666666667,1526.6666666666667,1526.6666666666667
1,-255,14334.0,3.0,21,5228.333333333333,-788.6666666666666,-10544.999999999998
1,-255,17375.0,0.2,1,5034.333333333333,5034.333333333333,5034.333333333333
1,-255,17375.0,3.0,21,8714.666666666666,-788.6666666666666,-6686.500000000002
2,64,0.0,0.2,1,1868.3333333333333,1868.3333333333333,1868.3333333333333
2,64,0.0,3.0,21,1414.6666666666667,3598.0,65116.66666666667
2,64,877.5,0.2,1,2274.0,2274.0,2274.0
2,64,877.5,3.0,21,2066.0,3598.0,66723.33333333334
2,64,1755.0,0.2,1,2421.0,2421.0,2421.0
2,64,1755.0,3.0,21,2354.0,3598.0,67863.0
2,64,2632.5,0.2,1,2703.6666666666665,2703.6666666666665,2703.6666666666665
2,64,2632.5,3.0,21,2702.3333333333335,3598.0,73189.33333333334
2,64,3510.0,0.2,1,3598.0,3598.0,3598.0
2,64,3510.0,3.0,21,3598.0,3598.0,75558.0
2,64,4387.5,0.2,1,4387.5,4387.5,4387.5
2,64,4387.5,3.0,21,4387.5,4387.5,92137.5
2,64,5265.0,0.2,1,5265.0,5265.0,5265.0
2,64,5265.0,3.0,21,5265.0,5265.0,110565.0
2,-64,-24.0,0.2,1,-24.0,-24.0,-24.0
2,-64,-24.0,3.0,21,-24.0,-24.0,-504.0
2,-64,905.0,0.2,1,102.66666666666667,102.66666666666667,102.66666666666667
2,-64,905.0,3.0,21,233.33333333333334,-15.0,-66.66666666666666
2,-64,1834.0,0.2,1,578.0,578.0,578.0
2,-64,1834.0,3.0,21,948.3333333333334,-15.0,913.6666666666667
2,-64,2763.0,0.2,1,1329.0,1329.0,1329.0
2,-64,2763.0,3.0,21,1678.0,-15.0,2386.3333333333335
2,-64,3692.0,0.2,1,1969.3333333333333,1969.3333333333333,1969.3333333333333
2,-64,3692.0,3.0,21,2410.0,-15.0,4229.0
2,-64,4621.0,0.2,1,2410.0,2410.0,2410.0
2,-64,4621.0,3.0,21,2925.0,-15.0,5599.333333333333
2,-64,5550.0,0.2,1,2410.0,2410.0,2410.0
2,-64,5550.0,3.0,21,2925.0,-15.0,5599.333333333333
2,96,0.0,0.2,1,3618.75,3618.75,3618.75
2,96,0.0,3.0,21,3059.5,5435.75,107782.0
2,96,1084.1666666666667,0.2,1,3969.25,3969.25,3969.25
2,96,1084.1666666666667,3.0,21,3552.0,5435.75,108832.5
2,96,2168.3333333333335,0.2,1,4190.75,4190.75,4190.75
2,96,2168.3333333333335,3.0,21,3879.25,5435.75,109459.5
2,96,3252.5,0.2,1,4314.25,4314.25,4314.25
2,96,3252.5,3.0,21,4240.25,5435.75,110366.75
2,96,4336.666666666667,0.2,1,4725.25,4725.25,4725.25
2,96,4336.666666666667,3.0,21,4676.25,5435.75,113074.0
2,96,5420.833333333334,0.2,1,5435.75,5435.75,5435.75
2,96,5420.833333333334,3.0,21,5435.75,5435.75,114150.75
2,96,6505.0,0.2,1,6505.0,6505.0,6505.0
2,96,6505.0,3.0,21,6505.0,6505.0,136605.0
2,-96,-178.0,0.2,1,-178.0,-178.0,-178.0
2,-96,-178.0,3.0,21,-178.0,-178.0,-3738.0
2,-96,935.8333333333333,0.2,1,-123.5,-123.5,-123.5
2,-96,935.8333333333333,3.0,21,-123.5,-123.5,-2593.5
2,-96,2049.6666666666665,0.2,1,-123.5,-123.5,-123.5
2,-96,2049.6666666666665,3.0,21,-123.5,-123.5,-2593.5
2,-96,3163.5,0.2,1,-123.5,-123.5,-123.5
2,-96,3163.5,3.0,21,-82.25,-123.5,-2552.25
2,-96,4277.333333333333,0.2,1,-123.5,-123.5,-123.5
2,-96,4277.333333333333,3.0,21,520.25,-123.5,-1949.75
2,-96,5391.166666666666,0.2,1,339.0,339.0,339.0
2,-96,5391.166666666666,3.0,21,1482.25,-123.5,-987.75
2,-96,6505.0,0.2,1,459.5,459.5,459.5
2,-96,6505.0,3.0,21,1712.25,-123.5,-757.75
2,128,0.0,0.2,1,5522.666666666667,5522.666666666667,5522.666666666667
2,128,0.0,3.0,21,4300.666666666667,6113.833333333333,126453.16666666664
2,128,1106.3333333333333,0.2,1,5900.0,5900.0,5900.0
2,128,1106.3333333333333,3.0,21,5161.833333333333,6113.833333333333,127346.49999999997
2,128,2212.6666666666665,0.2,1,5995.333333333333,5995.333333333333,5995.333333333333
2,128,2212.6666666666665,3.0,21,5708.833333333333,6113.833333333333,127910.66666666664
2,128,3319.0,0.2,1,6034.666666666667,6034.666666666667,6034.666666666667
2,128,3319.0,3.0,21,5934.5,6113.833333333333,128171.66666666664
2,128,4425.333333333333,0.2,1,6041.0,6041.0,6041.0
2,128,4425.333333333333,3.0,21,6030.5,6113.833333333333,128277.49999999997
2,128,5531.666666666666,0.2,1,6082.5,6082.5,6082.5
2,128,5531.666666666666,3.0,21,6038.166666666667,6113.833333333333,128305.66666666664
2,128,6638.0,0.2,1,6638.0,6638.0,6638.0
2,128,6638.0,3.0,21,6638.0,6638.0,139398.0
2,-128,-278.0,0.2,1,-278.0,-278.0,-278.0
2,-128,-278.0,3.0,21,-278.0,-278.0,-5838.0
2,-128,874.6666666666667,0.2,1,-223.5,-223.5,-223.5
2,-128,874.6666666666667,3.0,21,-223.5,-223.5,-4693.5
2,-128,2027.3333333333335,0.2,1,-223.5,-223.5,-223.5
2,-128,2027.3333333333335,3.0,21,-223.5,-223.5,-4693.5
2,-128,3180.0,0.2,1,-223.5,-223.5,-223.5
2,-128,3180.0,3.0,21,-223.5,-223.5,-4693.5
2,-128,4332.666666666667,0.2,1,-223.5,-223.5,-223.5
2,-128,4332.666666666667,3.0,21,-150.5,-223.5,-4620.5
2,-128,5485.333333333334,0.2,1,-223.5,-223.5,-223.5
2,-128,5485.333333333334,3.0,21,556.6666666666666,-223.5,-3913.3333333333335
2,-128,6638.0,0.2,1,-104.0,-104.0,-104.0
2,-128,6638.0,3.0,21,1363.1666666666667,-223.5,-3106.833333333333
2,160,0.0,0.2,1,6205.6,6205.6,6205.6
2,160,0.0,3.0,21,5226.4,6482.8,134842.6
2,160,1109.6666666666667,0.2,1,6329.8,6329.8,6329.8
2,160,1109.6666666666667,3.0,21,5975.6,6482.8,135597.80000000002
2,160,2219.3333333333335,0.2,1,6401.6,6401.6,6401.6
2,160,2219.3333333333335,3.0,21,6217.4,6482.8,135856.0
2,160,3329.0,0.2,1,6443.6,6443.6,6443.6
2,160,3329.0,3.0,21,6320.6,6482.8,135970.4
2,160,4438.666666666667,0.2,1,6448.2,6448.2,6448.2
2,160,4438.666666666667,3.0,21,6405.8,6482.8,136061.6
2,160,5548.333333333334,0.2,1,6466.2,6466.2,6466.2
2,160,5548.333333333334,3.0,21,6444.4,6482.8,136100.4
2,160,6658.0,0.2,1,6658.0,6658.0,6658.0
2,160,6658.0,3.0,21,6658.0,6658.0,139818.0
2,-160,-420.0,0.2,1,-420.0,-420.0,-420.0
2,-160,-420.0,3.0,21,-420.0,-420.0,-8820.0
2,-160,759.6666666666667,0.2,1,-300.4,-300.4,-300.4
2,-160,759.6666666666667,3.0,21,-300.4,-300.4,-6308.399999999998
2,-160,1939.3333333333335,0.2,1,-300.4,-300.4,-300.4
2,-160,1939.3333333333335,3.0,21,-300.4,-300.4,-6308.399999999998
2,-160,3119.0,0.2,1,-300.4,-300.4,-300.4
2,-160,3119.0,3.0,21,-300.4,-300.4,-6308.399999999998
2,-160,4298.666666666667,0.2,1,-300.4,-300.4,-300.4
2,-160,4298.666666666667,3.0,21,-300.4,-300.4,-6308.399999999998
2,-160,5478.333333333334,0.2,1,-300.4,-300.4,-300.4
2,-160,5478.333333333334,3.0,21,-201.0,-300.4,-6208.999999999998
2,-160,6658.0,0.2,1,-300.4,-300.4,-300.4
2,-160,6658.0,3.0,21,754.4,-300.4,-5253.5999999999985
2,192,0.0,0.2,1,6521.0,6521.0,6521.0
2,192,0.0,3.0,21,5618.666666666667,6521.0,136038.6666666667
2,192,1087.5,0.2,1,6521.0,6521.0,6521.0
2,192,1087.5,3.0,21,6358.333333333333,6521.0,136778.3333333333
2,192,2175.0,0.2,1,6521.0,6521.0,6521.0
2,192,2175.0,3.0,21,6521.0,6521.0,136941.0
2,192,3262.5,0.2,1,6521.0,6521.0,6521.0
2,192,3262.5,3.0,21,6521.0,6521.0,136941.0
2,192,4350.0,0.2,1,6521.0,6521.0,6521.0
2,192,4350.0,3.0,21,6521.0,6521.0,136941.0
2,192,5437.5,0.2,1,6521.0,6521.0,6521.0
2,192,5437.5,3.0,21,6521.0,6521.0,136941.0
2,192,6525.0,0.2,1,6525.0,6525.0,6525.0
2,192,6525.0,3.0,21,6525.0,6525.0,137025.0
2,-192,-427.0,0.2,1,-427.0,-427.0,-427.0
2,-192,-427.0,3.0,21,-427.0,-427.0,-8967.0
2,-192,731.5,0.2,1,-363.75,-363.75,-363.75
2,-192,731.5,3.0,21,-363.75,-363.75,-7638.75
2,-192,1890.0,0.2,1,-363.75,-363.75,-363.75
2,-192,1890.0,3.0,21,-363.75,-363.75,-7638.75
2,-192,3048.5,0.2,1,-363.75,-363.75,-363.75
2,-192,3048.5,3.0,21,-363.75,-363.75,-7638.75
2,-192,4207.0,0.2,1,-363.75,-363.75,-363.75
2,-192,4207.0,3.0,21,-363.75,-363.75,-7638.75
2,-192,5365.5,0.2,1,-363.75,-363.75,-363.75
2,-192,5365.5,3.0,21,-363.75,-363.75,-7638.75
2,-192,6524.0,0.2,1,-363.75,-363.75,-363.75
2,-192,6524.0,3.0,21,-85.25,-363.75,-7360.25
2,224,0.0,0.2,1,6596.833333333333,6596.833333333333,6596.833333333333
2,224,0.0,3.0,21,6126.5,6596.833333333333,138063.16666666666
2,224,1123.3333333333333,0.2,1,6596.833333333333,6596.833333333333,6596.833333333333
2,224,1123.3333333333333,3.0,21,6595.5,6596.833333333333,138532.16666666666
2,224,2246.6666666666665,0.2,1,6596.833333333333,6596.833333333333,6596.833333333333
2,224,2246.6666666666665,3.0,21,6596.833333333333,6596.833333333333,138533.5
2,224,3370.0,0.2,1,6596.833333333333,6596.833333333333,6596.833333333333
2,224,3370.0,3.0,21,6596.833333333333,6596.833333333333,138533.5
2,224,4493.333333333333,0.2,1,6596.833333333333,6596.833333333333,6596.833333333333
2,224,4493.333333333333,3.0,21,6596.833333333333,6596.833333333333,138533.5
2,224,5616.666666666666,0.2,1,6596.833333333333,6596.833333333333,6596.833333333333
2,224,5616.666666666666,3.0,21,6596.833333333333,6596.833333333333,138533.5
2,224,6740.0,0.2,1,6740.0,6740.0,6740.0
2,224,6740.0,3.0,21,6740.0,6740.0,141540.0
2,-224,-438.0,0.2,1,-438.0,-438.0,-438.0
2,-224,-438.0,3.0,21,-438.0,-438.0,-9198.0
2,-224,758.3333333333333,0.2,1,-394.0,-394.0,-394.0
2,-224,758.3333333333333,3.0,21,-394.0,-394.0,-8274.0
2,-224,1954.6666666666665,0.2,1,-394.0,-394.0,-394.0
2,-224,1954.6666666666665,3.0,21,-394.0,-394.0,-8274.0
2,-224,3151.0,0.2,1,-394.0,-394.0,-394.0
2,-224,3151.0,3.0,21,-394.0,-394.0,-8274.0
2,-224,4347.333333333333,0.2,1,-394.0,-394.0,-394.0
2,-224,4347.333333333333,3.0,21,-394.0,-394.0,-8274.0
2,-224,5543.666666666666,0.2,1,-394.0,-394.0,-394.0
2,-224,5543.666666666666,3.0,21,-394.0,-394.0,-8274.0
2,-224,6740.0,0.2,1,-394.0,-394.0,-394.0
2,-224,6740.0,3.0,21,-313.3333333333333,-394.0,-8193.333333333332
2,255,0.0,0.2,1,6665.166666666667,6665.166666666667,6665.166666666667
2,255,0.0,3.0,21,6538.0,6665.166666666667,139841.33333333334
2,255,1136.8333333333333,0.2,1,6665.166666666667,6665.166666666667,6665.166666666667
2,255,1136.8333333333333,3.0,21,6665.166666666667,6665.166666666667,139968.5
2,255,2273.6666666666665,0.2,1,6665.166666666667,6665.166666666667,6665.166666666667
2,255,2273.6666666666665,3.0,21,6665.166666666667,6665.166666666667,139968.5
2,255,3410.5,0.2,1,6665.166666666667,6665.166666666667,6665.166666666667
2,255,3410.5,3.0,21,6665.166666666667,6665.166666666667,139968.5
2,255,4547.333333333333,0.2,1,6665.166666666667,6665.166666666667,6665.166666666667
2,255,4547.333333333333,3.0,21,6665.166666666667,6665.166666666667,139968.5
2,255,5684.166666666666,0.2,1,6665.166666666667,6665.166666666667,6665.166666666667
2,255,5684.166666666666,3.0,21,6665.166666666667,6665.166666666667,139968.5
2,255,6821.0,0.2,1,6821.0,6821.0,6821.0
2,255,6821.0,3.0,21,6821.0,6821.0,143241.0
2,-255,-477.0,0.2,1,-477.0,-477.0,-477.0
2,-255,-477.0,3.0,21,-477.0,-477.0,-10017.0
2,-255,739.3333333333333,0.2,1,-437.3333333333333,-437.3333333333333,-437.3333333333333
2,-255,739.3333333333333,3.0,21,-437.3333333333333,-437.3333333333333,-9184.0
2,-255,1955.6666666666665,0.2,1,-437.3333333333333,-437.3333333333333,-437.3333333333333
2,-255,1955.6666666666665,3.0,21,-437.3333333333333,-437.3333333333333,-9184.0
2,-255,3172.0,0.2,1,-437.3333333333333,-437.3333333333333,-437.3333333333333
2,-255,3172.0,3.0,21,-437.3333333333333,-437.3333333333333,-9184.0
2,-255,4388.333333333333,0.2,1,-437.3333333333333,-437.3333333333333,-437.3333333333333
2,-255,4388.333333333333,3.0,21,-437.3333333333333,-437.3333333333333,-9184.0
2,-255,5604.666666666666,0.2,1,-437.3333333333333,-437.3333333333333,-437.3333333333333
2,-255,5604.666666666666,3.0,21,-437.3333333333333,-437.3333333333333,-9184.0
2,-255,6821.0,0.2,1,-437.3333333333333,-437.3333333333333,-437.3333333333333
2,-255,6821.0,3.0,21,-433.5,-437.3333333333333,-9180.166666666668
3,64,0.0,0.2,1,3181.6666666666665,3181.6666666666665,3181.6666666666665
3,64,0.0,3.0,21,2222.3333333333335,4524.333333333333,89725.99999999999
3,64,779.5,0.2,1,3807.6666666666665,3807.6666666666665,3807.6666666666665
3,64,779.5,3.0,21,3211.6666666666665,4524.333333333333,91015.3333333333
3,64,1559.0,0.2,1,4042.0,4042.0,4042.0
3,64,1559.0,3.0,21,3732.3333333333335,4524.333333333333,91695.99999999997
3,64,2338.5,0.2,1,4150.0,4150.0,4150.0
3,64,2338.5,3.0,21,3986.0,4524.333333333333,92085.3333333333
3,64,3118.0,0.2,1,4158.0,4158.0,4158.0
3,64,3118.0,3.0,21,4139.333333333333,4524.333333333333,92297.66666666664
3,64,3897.5,0.2,1,4172.0,4172.0,4172.0
3,64,3897.5,3.0,21,4160.333333333333,4524.333333333333,92559.99999999997
3,64,4677.0,0.2,1,4677.0,4677.0,4677.0
3,64,4677.0,3.0,21,4677.0,4677.0,98217.0
3,-64,-112.0,0.2,1,-112.0,-112.0,-112.0
3,-64,-112.0,3.0,21,-112.0,-112.0,-2352.0
3,-64,1017.3333333333333,0.2,1,-15.0,-15.0,-15.0
3,-64,1017.3333333333333,3.0,21,-14.333333333333334,-21.666666666666668,-443.3333333333334
3,-64,2146.6666666666665,0.2,1,-14.333333333333334,-14.333333333333334,-14.333333333333334
3,-64,2146.6666666666665,3.0,21,10.0,-21.666666666666668,-415.0000000000001
3,-64,3276.0,0.2,1,4.666666666666667,4.666666666666667,4.666666666666667
3,-64,3276.0,3.0,21,721.3333333333334,-21.666666666666668,298.6666666666666
3,-64,4405.333333333333,0.2,1,706.3333333333334,706.3333333333334,706.3333333333334
3,-64,4405.333333333333,3.0,21,1608.0,-21.666666666666668,1188.6666666666663
3,-64,5534.666666666666,0.2,1,1541.6666666666667,1541.6666666666667,1541.6666666666667
3,-64,5534.666666666666,3.0,21,2560.3333333333335,-21.666666666666668,2387.333333333334
3,-64,6664.0,0.2,1,1541.6666666666667,1541.6666666666667,1541.6666666666667
3,-64,6664.0,3.0,21,2560.3333333333335,-21.666666666666668,2387.333333333334
3,96,0.0,0.2,1,3427.75,3427.75,3427.75
3,96,0.0,3.0,21,3028.0,4944.5,96483.5
3,96,1012.8333333333334,0.2,1,3524.25,3524.25,3524.25
3,96,1012.8333333333334,3.0,21,3389.5,4944.5,97573.5
3,96,2025.6666666666667,0.2,1,3599.5,3599.5,3599.5
3,96,2025.6666666666667,3.0,21,3494.5,4944.5,97880.0
3,96,3038.5,0.2,1,3705.75,3705.75,3705.75
3,96,3038.5,3.0,21,3615.25,4944.5,98415.75
3,96,4051.3333333333335,0.2,1,4553.5,4553.5,4553.5
3,96,4051.3333333333335,3.0,21,4467.25,4944.5,103177.75
3,96,5064.166666666667,0.2,1,5064.166666666667,5064.166666666667,5064.166666666667
3,96,5064.166666666667,3.0,21,5064.166666666667,5064.166666666667,106347.50000000003
3,96,6077.0,0.2,1,6077.0,6077.0,6077.0
3,96,6077.0,3.0,21,6077.0,6077.0,127617.0
3,-96,-308.0,0.2,1,-308.0,-308.0,-308.0
3,-96,-308.0,3.0,21,-308.0,-308.0,-6468.0
3,-96,784.8333333333333,0.2,1,-266.0,-266.0,-266.0
3,-96,784.8333333333333,3.0,21,-266.0,-266.0,-5586.0
3,-96,1877.6666666666665,0.2,1,-266.0,-266.0,-266.0
3,-96,1877.6666666666665,3.0,21,-266.0,-266.0,-5586.0
3,-96,2970.5,0.2,1,-266.0,-266.0,-266.0
3,-96,2970.5,3.0,21,-266.0,-266.0,-5586.0
3,-96,4063.333333333333,0.2,1,-266.0,-266.0,-266.0
3,-96,4063.333333333333,3.0,21,-250.5,-266.0,-5570.5
3,-96,5156.166666666666,0.2,1,-266.0,-266.0,-266.0
3,-96,5156.166666666666,3.0,21,402.75,-266.0,-4917.25
3,-96,6249.0,0.2,1,-238.25,-238.25,-238.25
3,-96,6249.0,3.0,21,1286.5,-266.0,-4033.5
3,128,0.0,0.2,1,6414.833333333333,6414.833333333333,6414.833333333333
3,128,0.0,3.0,21,4805.166666666667,7347.833333333333,151633.33333333334
3,128,1306.3333333333333,0.2,1,7062.5,7062.5,7062.5
3,128,1306.3333333333333,3.0,21,6056.833333333333,7347.833333333333,152949.33333333334
3,128,2612.6666666666665,0.2,1,7220.0,7220.0,7220.0
3,128,2612.6666666666665,3.0,21,6850.333333333333,7347.833333333333,153774.00000000003
3,128,3919.0,0.2,1,7274.333333333333,7274.333333333333,7274.333333333333
3,128,3919.0,3.0,21,7158.0,7347.833333333333,154093.6666666667
3,128,5225.333333333333,0.2,1,7320.833333333333,7320.833333333333,7320.833333333333
3,128,5225.333333333333,3.0,21,7253.833333333333,7347.833333333333,154197.1666666667
3,128,6531.666666666666,0.2,1,7328.166666666667,7328.166666666667,7328.166666666667
3,128,6531.666666666666,3.0,21,7319.5,7347.833333333333,154264.1666666667
3,128,7838.0,0.2,1,7838.0,7838.0,7838.0
3,128,7838.0,3.0,21,7838.0,7838.0,164598.0
3,-128,-532.0,0.2,1,-532.0,-532.0,-532.0
3,-128,-532.0,3.0,21,-532.0,-532.0,-11172.0
3,-128,863.0,0.2,1,-453.5,-453.5,-453.5
3,-128,863.0,3.0,21,-453.5,-453.5,-9523.5
3,-128,2258.0,0.2,1,-453.5,-453.5,-453.5
3,-128,2258.0,3.0,21,-453.5,-453.5,-9523.5
3,-128,3653.0,0.2,1,-453.5,-453.5,-453.5
3,-128,3653.0,3.0,21,-453.5,-453.5,-9523.5
3,-128,5048.0,0.2,1,-453.5,-453.5,-453.5
3,-128,5048.0,3.0,21,-259.5,-453.5,-9329.5
3,-128,6443.0,0.2,1,-450.5,-450.5,-450.5
3,-128,6443.0,3.0,21,688.3333333333334,-453.5,-8381.666666666666
3,-128,7838.0,0.2,1,-73.5,-73.5,-73.5
3,-128,7838.0,3.0,21,1810.3333333333333,-453.5,-7259.666666666667
3,160,0.0,0.2,1,7464.4,7464.4,7464.4
3,160,0.0,3.0,21,5759.4,7661.2,158932.20000000004
3,160,1317.1666666666667,0.2,1,7556.2,7556.2,7556.2
3,160,1317.1666666666667,3.0,21,7209.2,7661.2,160390.00000000003
3,160,2634.3333333333335,0.2,1,7603.8,7603.8,7603.8
3,160,2634.3333333333335,3.0,21,7494.2,7661.2,160687.80000000002
3,160,3951.5,0.2,1,7618.0,7618.0,7618.0
3,160,3951.5,3.0,21,7563.8,7661.2,160769.40000000002
3,160,5268.666666666667,0.2,1,7618.2,7618.2,7618.2
3,160,5268.666666666667,3.0,21,7609.4,7661.2,160818.60000000003
3,160,6585.833333333334,0.2,1,7638.8,7638.8,7638.8
3,160,6585.833333333334,3.0,21,7618.0,7661.2,160841.40000000002
3,160,7903.0,0.2,1,7903.0,7903.0,7903.0
3,160,7903.0,3.0,21,7903.0,7903.0,165963.0
3,-160,-539.0,0.2,1,-539.0,-539.0,-539.0
3,-160,-539.0,3.0,21,-539.0,-539.0,-11319.0
3,-160,868.0,0.2,1,-461.0,-461.0,-461.0
3,-160,868.0,3.0,21,-461.0,-461.0,-9681.0
3,-160,2275.0,0.2,1,-461.0,-461.0,-461.0
3,-160,2275.0,3.0,21,-461.0,-461.0,-9681.0
3,-160,3682.0,0.2,1,-461.0,-461.0,-461.0
3,-160,3682.0,3.0,21,-461.0,-461.0,-9681.0
3,-160,5089.0,0.2,1,-461.0,-461.0,-461.0
3,-160,5089.0,3.0,21,-461.0,-461.0,-9681.0
3,-160,6496.0,0.2,1,-461.0,-461.0,-461.0
3,-160,6496.0,3.0,21,-34.0,-461.0,-9254.0
3,-160,7903.0,0.2,1,-453.2,-453.2,-453.2
3,-160,7903.0,3.0,21,1369.0,-461.0,-7851.0
3,192,0.0,0.2,1,7510.0,7510.0,7510.0
3,192,0.0,3.0,21,6005.666666666667,7647.0,158945.6666666667
3,192,1318.6666666666667,0.2,1,7647.0,7647.0,7647.0
3,192,1318.6666666666667,3.0,21,7171.666666666667,7647.0,160111.6666666667
3,192,2637.3333333333335,0.2,1,7647.0,7647.0,7647.0
3,192,2637.3333333333335,3.0,21,7551.666666666667,7647.0,160491.6666666667
3,192,3956.0,0.2,1,7647.0,7647.0,7647.0
3,192,3956.0,3.0,21,7647.0,7647.0,160587.0
3,192,5274.666666666667,0.2,1,7647.0,7647.0,7647.0
3,192,5274.666666666667,3.0,21,7647.0,7647.0,160587.0
3,192,6593.333333333334,0.2,1,7647.0,7647.0,7647.0
3,192,6593.333333333334,3.0,21,7647.0,7647.0,160587.0
3,192,7912.0,0.2,1,7912.0,7912.0,7912.0
3,192,7912.0,3.0,21,7912.0,7912.0,166152.0
3,-192,-562.0,0.2,1,-562.0,-562.0,-562.0
3,-192,-562.0,3.0,21,-562.0,-562.0,-11802.0
3,-192,850.3333333333333,0.2,1,-442.25,-442.25,-442.25
3,-192,850.3333333333333,3.0,21,-442.25,-442.25,-9287.25
3,-192,2262.6666666666665,0.2,1,-442.25,-442.25,-442.25
3,-192,2262.6666666666665,3.0,21,-442.25,-442.25,-9287.25
3,-192,3675.0,0.2,1,-442.25,-442.25,-442.25
3,-192,3675.0,3.0,21,-442.25,-442.25,-9287.25
3,-192,5087.333333333333,0.2,1,-442.25,-442.25,-442.25
3,-192,5087.333333333333,3.0,21,-442.25,-442.25,-9287.25
3,-192,6499.666666666666,0.2,1,-442.25,-442.25,-442.25
3,-192,6499.666666666666,3.0,21,-341.0,-442.25,-9186.0
3,-192,7912.0,0.2,1,-442.25,-442.25,-442.25
3,-192,7912.0,3.0,21,382.75,-442.25,-8462.25
3,224,0.0,0.2,1,7523.666666666667,7523.666666666667,7523.666666666667
3,224,0.0,3.0,21,6136.5,7513.666666666667,156409.8333333333
3,224,1291.3333333333333,0.2,1,7540.833333333333,7540.833333333333,7540.833333333333
3,224,1291.3333333333333,3.0,21,7169.666666666667,7513.666666666667,157442.99999999997
3,224,2582.6666666666665,0.2,1,7513.833333333333,7513.833333333333,7513.833333333333
3,224,2582.6666666666665,3.0,21,7523.666666666667,7513.666666666667,157796.99999999997
3,224,3874.0,0.2,1,7513.666666666667,7513.666666666667,7513.666666666667
3,224,3874.0,3.0,21,7547.833333333333,7513.666666666667,157821.16666666666
3,224,5165.333333333333,0.2,1,7513.666666666667,7513.666666666667,7513.666666666667
3,224,5165.333333333333,3.0,21,7513.666666666667,7513.666666666667,157786.99999999997
3,224,6456.666666666666,0.2,1,7513.666666666667,7513.666666666667,7513.666666666667
3,224,6456.666666666666,3.0,21,7513.666666666667,7513.666666666667,157786.99999999997
3,224,7748.0,0.2,1,7748.0,7748.0,7748.0
3,224,7748.0,3.0,21,7748.0,7748.0,162708.0
3,-224,-745.0,0.2,1,-745.0,-745.0,-745.0
3,-224,-745.0,3.0,21,-745.0,-745.0,-15645.0
3,-224,670.5,0.2,1,-558.1666666666666,-558.1666666666666,-558.1666666666666
3,-224,670.5,3.0,21,-558.1666666666666,-558.1666666666666,-11721.499999999996
3,-224,2086.0,0.2,1,-558.1666666666666,-558.1666666666666,-558.1666666666666
3,-224,2086.0,3.0,21,-558.1666666666666,-558.1666666666666,-11721.499999999996
3,-224,3501.5,0.2,1,-558.1666666666666,-558.1666666666666,-558.1666666666666
3,-224,3501.5,3.0,21,-558.1666666666666,-558.1666666666666,-11721.499999999996
3,-224,4917.0,0.2,1,-558.1666666666666,-558.1666666666666,-558.1666666666666
3,-224,4917.0,3.0,21,-558.1666666666666,-558.1666666666666,-11721.499999999996
3,-224,6332.5,0.2,1,-558.1666666666666,-558.1666666666666,-558.1666666666666
3,-224,6332.5,3.0,21,-532.3333333333334,-558.1666666666666,-11695.666666666662
3,-224,7748.0,0.2,1,-558.1666666666666,-558.1666666666666,-558.1666666666666
3,-224,7748.0,3.0,21,138.83333333333334,-558.1666666666666,-11024.499999999996
3,255,0.0,0.2,1,7509.666666666667,7509.666666666667,7509.666666666667
3,255,0.0,3.0,21,6797.833333333333,7538.666666666667,157672.49999999997
3,255,1299.1666666666667,0.2,1,7580.0,7580.0,7580.0
3,255,1299.1666666666667,3.0,21,7373.833333333333,7538.666666666667,158210.99999999997
3,255,2598.3333333333335,0.2,1,7602.5,7602.5,7602.5
3,255,2598.3333333333335,3.0,21,7502.166666666667,7538.666666666667,158339.3333333333
3,255,3897.5,0.2,1,7602.5,7602.5,7602.5
3,255,3897.5,3.0,21,7571.0,7538.666666666667,158408.16666666666
3,255,5196.666666666667,0.2,1,7602.5,7602.5,7602.5
3,255,5196.666666666667,3.0,21,7599.5,7538.666666666667,158436.66666666666
3,255,6495.833333333334,0.2,1,7602.5,7602.5,7602.5
3,255,6495.833333333334,3.0,21,7602.5,7538.666666666667,158427.16666666666
3,255,7795.0,0.2,1,7795.0,7795.0,7795.0
3,255,7795.0,3.0,21,7795.0,7795.0,163695.0
3,-255,-910.0,0.2,1,-910.0,-910.0,-910.0
3,-255,-910.0,3.0,21,-910.0,-910.0,-19110.0
3,-255,540.8333333333333,0.2,1,-681.3333333333334,-681.3333333333334,-681.3333333333334
3,-255,540.8333333333333,3.0,21,-681.3333333333334,-681.3333333333334,-14308.000000000004
3,-255,1991.6666666666665,0.2,1,-681.3333333333334,-681.3333333333334,-681.3333333333334
3,-255,1991.6666666666665,3.0,21,-681.3333333333334,-681.3333333333334,-14308.000000000004
3,-255,3442.5,0.2,1,-681.3333333333334,-681.3333333333334,-681.3333333333334
3,-255,3442.5,3.0,21,-681.3333333333334,-681.3333333333334,-14308.000000000004
3,-255,4893.333333333333,0.2,1,-681.3333333333334,-681.3333333333334,-681.3333333333334
3,-255,4893.333333333333,3.0,21,-681.3333333333334,-681.3333333333334,-14308.000000000004
3,-255,6344.166666666666,0.2,1,-681.3333333333334,-681.3333333333334,-681.3333333333334
3,-255,6344.166666666666,3.0,21,-679.6666666666666,-681.3333333333334,-14306.333333333338
3,-255,7795.0,0.2,1,-681.3333333333334,-681.3333333333334,-681.3333333333334
3,-255,7795.0,3.0,21,-246.66666666666666,-681.3333333333334,-13873.333333333338
4,64,0.0,0.2,1,3117.3333333333335,3117.3333333333335,3117.3333333333335
4,64,0.0,3.0,21,2359.0,6024.333333333333,118211.66666666664
4,64,1008.3333333333334,0.2,1,3758.0,3758.0,3758.0
4,64,1008.3333333333334,3.0,21,3237.0,6024.333333333333,120027.66666666664
4,64,2016.6666666666667,0.2,1,4100.333333333333,4100.333333333333,4100.333333333333
4,64,2016.6666666666667,3.0,21,3735.3333333333335,6024.333333333333,121392.3333333333
4,64,3025.0,0.2,1,4649.333333333333,4649.333333333333,4649.333333333333
4,64,3025.0,3.0,21,4175.0,6024.333333333333,122585.3333333333
4,64,4033.3333333333335,0.2,1,5306.666666666667,5306.666666666667,5306.666666666667
4,64,4033.3333333333335,3.0,21,5056.333333333333,6024.333333333333,124326.99999999997
4,64,5041.666666666667,0.2,1,5723.0,5723.0,5723.0
4,64,5041.666666666667,3.0,21,5711.333333333333,6024.333333333333,125293.99999999997
4,64,6050.0,0.2,1,6050.0,6050.0,6050.0
4,64,6050.0,3.0,21,6050.0,6050.0,127050.0
4,-64,-90.0,0.2,1,-90.0,-90.0,-90.0
4,-64,-90.0,3.0,21,-90.0,-90.0,-1890.0
4,-64,933.3333333333334,0.2,1,-65.66666666666667,-65.66666666666667,-65.66666666666667
4,-64,933.3333333333334,3.0,21,-65.66666666666667,-65.66666666666667,-1379.0000000000005
4,-64,1956.6666666666667,0.2,1,-65.66666666666667,-65.66666666666667,-65.66666666666667
4,-64,1956.6666666666667,3.0,21,166.33333333333334,-65.66666666666667,-1147.0
4,-64,2980.0,0.2,1,171.33333333333334,171.33333333333334,171.33333333333334
4,-64,2980.0,3.0,21,568.6666666666666,-65.66666666666667,-744.6666666666666
4,-64,4003.3333333333335,0.2,1,602.0,602.0,602.0
4,-64,4003.3333333333335,3.0,21,1506.6666666666667,-65.66666666666667,290.9999999999998
4,-64,5026.666666666667,0.2,1,1595.3333333333333,1595.3333333333333,1595.3333333333333
4,-64,5026.666666666667,3.0,21,2596.0,-65.66666666666667,1712.3333333333333
4,-64,6050.0,0.2,1,2976.3333333333335,2976.3333333333335,2976.3333333333335
4,-64,6050.0,3.0,21,3936.6666666666665,-65.66666666666667,4224.666666666665
4,96,0.0,0.2,1,4761.5,4761.5,4761.5
4,96,0.0,3.0,21,3754.0,6049.75,124749.0
4,96,1015.8333333333334,0.2,1,5677.75,5677.75,5677.75
4,96,1015.8333333333334,3.0,21,4537.0,6049.75,125532.0
4,96,2031.6666666666667,0.2,1,6049.75,6049.75,6049.75
4,96,2031.6666666666667,3.0,21,5259.5,6049.75,126254.5
4,96,3047.5,0.2,1,6049.75,6049.75,6049.75
4,96,3047.5,3.0,21,5841.25,6049.75,126836.25
4,96,4063.3333333333335,0.2,1,6049.75,6049.75,6049.75
4,96,4063.3333333333335,3.0,21,6049.75,6049.75,127044.75
4,96,5079.166666666667,0.2,1,6049.75,6049.75,6049.75
4,96,5079.166666666667,3.0,21,6049.75,6049.75,127044.75
4,96,6095.0,0.2,1,6095.0,6095.0,6095.0
4,96,6095.0,3.0,21,6095.0,6095.0,127995.0
4,-96,-177.0,0.2,1,-177.0,-177.0,-177.0
4,-96,-177.0,3.0,21,-177.0,-177.0,-3717.0
4,-96,868.3333333333333,0.2,1,-131.5,-131.5,-131.5
4,-96,868.3333333333333,3.0,21,-131.5,-131.5,-2761.5
4,-96,1913.6666666666665,0.2,1,-131.5,-131.5,-131.5
4,-96,1913.6666666666665,3.0,21,-131.5,-131.5,-2761.5
4,-96,2959.0,0.2,1,-131.5,-131.5,-131.5
4,-96,2959.0,3.0,21,-131.5,-131.5,-2761.5
4,-96,4004.333333333333,0.2,1,-131.5,-131.5,-131.5
4,-96,4004.333333333333,3.0,21,-87.75,-131.5,-2717.75
4,-96,5049.666666666666,0.2,1,-131.5,-131.5,-131.5
4,-96,5049.666666666666,3.0,21,1110.5,-131.5,-1519.5
4,-96,6095.0,0.2,1,958.5,958.5,958.5
4,-96,6095.0,3.0,21,2626.25,-131.5,-3.75
4,128,0.0,0.2,1,6146.333333333333,6146.333333333333,6146.333333333333
4,128,0.0,3.0,21,5052.0,6146.333333333333,127978.66666666664
4,128,1030.6666666666667,0.2,1,6146.333333333333,6146.333333333333,6146.333333333333
4,128,1030.6666666666667,3.0,21,6044.833333333333,6146.333333333333,128971.49999999997
4,128,2061.3333333333335,0.2,1,6146.333333333333,6146.333333333333,6146.333333333333
4,128,2061.3333333333335,3.0,21,6146.333333333333,6146.333333333333,129072.99999999997
4,128,3092.0,0.2,1,6146.333333333333,6146.333333333333,6146.333333333333
4,128,3092.0,3.0,21,6146.333333333333,6146.333333333333,129072.99999999997
4,128,4122.666666666667,0.2,1,6146.333333333333,6146.333333333333,6146.333333333333
4,128,4122.666666666667,3.0,21,6146.333333333333,6146.333333333333,129072.99999999997
4,128,5153.333333333334,0.2,1,6146.333333333333,6146.333333333333,6146.333333333333
4,128,5153.333333333334,3.0,21,6146.333333333333,6146.333333333333,129072.99999999997
4,128,6184.0,0.2,1,6184.0,6184.0,6184.0
4,128,6184.0,3.0,21,6184.0,6184.0,129864.0
4,-128,-452.0,0.2,1,-452.0,-452.0,-452.0
4,-128,-452.0,3.0,21,-452.0,-452.0,-9492.0
4,-128,654.0,0.2,1,-291.0,-291.0,-291.0
4,-128,654.0,3.0,21,-291.0,-291.0,-6111.0
4,-128,1760.0,0.2,1,-291.0,-291.0,-291.0
4,-128,1760.0,3.0,21,-291.0,-291.0,-6111.0
4,-128,2866.0,0.2,1,-291.0,-291.0,-291.0
4,-128,2866.0,3.0,21,-291.0,-291.0,-6111.0
4,-128,3972.0,0.2,1,-291.0,-291.0,-291.0
4,-128,3972.0,3.0,21,-291.0,-291.0,-6111.0
4,-128,5078.0,0.2,1,-291.0,-291.0,-291.0
4,-128,5078.0,3.0,21,-279.1666666666667,-291.0,-6099.166666666667
4,-128,6184.0,0.2,1,-291.0,-291.0,-291.0
4,-128,6184.0,3.0,21,804.8333333333334,-291.0,-5015.166666666666
4,160,0.0,0.2,1,6186.2,6186.2,6186.2
4,160,0.0,3.0,21,5927.0,6186.2,129650.99999999999
4,160,1051.1666666666667,0.2,1,6186.2,6186.2,6186.2
4,160,1051.1666666666667,3.0,21,6160.6,6186.2,129884.59999999999
4,160,2102.3333333333335,0.2,1,6186.2,6186.2,6186.2
4,160,2102.3333333333335,3.0,21,6186.2,6186.2,129910.19999999998
4,160,3153.5,0.2,1,6186.2,6186.2,6186.2
4,160,3153.5,3.0,21,6186.2,6186.2,129910.19999999998
4,160,4204.666666666667,0.2,1,6186.2,6186.2,6186.2
4,160,4204.666666666667,3.0,21,6186.2,6186.2,129910.19999999998
4,160,5255.833333333334,0.2,1,6186.2,6186.2,6186.2
4,160,5255.833333333334,3.0,21,6186.2,6186.2,129910.19999999998
4,160,6307.0,0.2,1,6307.0,6307.0,6307.0
4,160,6307.0,3.0,21,6307.0,6307.0,132447.0
4,-160,-514.0,0.2,1,-514.0,-514.0,-514.0
4,-160,-514.0,3.0,21,-514.0,-514.0,-10794.0
4,-160,622.8333333333333,0.2,1,-409.2,-409.2,-409.2
4,-160,622.8333333333333,3.0,21,-409.2,-409.2,-8593.199999999999
4,-160,1759.6666666666665,0.2,1,-409.2,-409.2,-409.2
4,-160,1759.6666666666665,3.0,21,-409.2,-409.2,-8593.199999999999
4,-160,2896.5,0.2,1,-409.2,-409.2,-409.2
4,-160,2896.5,3.0,21,-409.2,-409.2,-8593.199999999999
4,-160,4033.333333333333,0.2,1,-409.2,-409.2,-409.2
4,-160,4033.333333333333,3.0,21,-409.2,-409.2,-8593.199999999999
4,-160,5170.166666666666,0.2,1,-409.2,-409.2,-409.2
4,-160,5170.166666666666,3.0,21,-409.2,-409.2,-8593.199999999999
4,-160,6307.0,0.2,1,-409.2,-409.2,-409.2
4,-160,6307.0,3.0,21,-96.4,-409.2,-8280.4
4,192,0.0,0.2,1,6217.333333333333,6217.333333333333,6217.333333333333
4,192,0.0,3.0,21,6217.333333333333,6217.333333333333,130563.99999999997
4,192,1041.5,0.2,1,6217.333333333333,6217.333333333333,6217.333333333333
4,192,1041.5,3.0,21,6217.333333333333,6217.333333333333,130563.99999999997
4,192,2083.0,0.2,1,6217.333333333333,6217.333333333333,6217.333333333333
4,192,2083.0,3.0,21,6217.333333333333,6217.333333333333,130563.99999999997
4,192,3124.5,0.2,1,6217.333333333333,6217.333333333333,6217.333333333333
4,192,3124.5,3.0,21,6217.333333333333,6217.333333333333,130563.99999999997
4,192,4166.0,0.2,1,6217.333333333333,6217.333333333333,6217.333333333333
4,192,4166.0,3.0,21,6217.333333333333,6217.333333333333,130563.99999999997
4,192,5207.5,0.2,1,6217.333333333333,6217.333333333333,6217.333333333333
4,192,5207.5,3.0,21,6217.333333333333,6217.333333333333,130563.99999999997
4,192,6249.0,0.2,1,6249.0,6249.0,6249.0
4,192,6249.0,3.0,21,6249.0,6249.0,131229.0
4,-192,-552.0,0.2,1,-552.0,-552.0,-552.0
4,-192,-552.0,3.0,21,-552.0,-552.0,-11592.0
4,-192,581.5,0.2,1,-468.5,-468.5,-468.5
4,-192,581.5,3.0,21,-468.5,-468.5,-9838.5
4,-192,1715.0,0.2,1,-468.5,-468.5,-468.5
4,-192,1715.0,3.0,21,-468.5,-468.5,-9838.5
4,-192,2848.5,0.2,1,-468.5,-468.5,-468.5
4,-192,2848.5,3.0,21,-468.5,-468.5,-9838.5
4,-192,3982.0,0.2,1,-468.5,-468.5,-468.5
4,-192,3982.0,3.0,21,-468.5,-468.5,-9838.5
4,-192,5115.5,0.2,1,-468.5,-468.5,-468.5
4,-192,5115.5,3.0,21,-468.5,-468.5,-9838.5
4,-192,6249.0,0.2,1,-468.5,-468.5,-468.5
4,-192,6249.0,3.0,21,-437.25,-468.5,-9807.25
4,224,0.0,0.2,1,6277.666666666667,6277.666666666667,6277.666666666667
4,224,0.0,3.0,21,6277.666666666667,6277.666666666667,131831.00000000003
4,224,1067.6666666666667,0.2,1,6277.666666666667,6277.666666666667,6277.666666666667
4,224,1067.6666666666667,3.0,21,6277.666666666667,6277.666666666667,131831.00000000003
4,224,2135.3333333333335,0.2,1,6277.666666666667,6277.666666666667,6277.666666666667
4,224,2135.3333333333335,3.0,21,6277.666666666667,6277.666666666667,131831.00000000003
4,224,3203.0,0.2,1,6277.666666666667,6277.666666666667,6277.666666666667
4,224,3203.0,3.0,21,6277.666666666667,6277.666666666667,131831.00000000003
4,224,4270.666666666667,0.2,1,6277.666666666667,6277.666666666667,6277.666666666667
4,224,4270.666666666667,3.0,21,6277.666666666667,6277.666666666667,131831.00000000003
4,224,5338.333333333334,0.2,1,6277.666666666667,6277.666666666667,6277.666666666667
4,224,5338.333333333334,3.0,21,6277.666666666667,6277.666666666667,131831.00000000003
4,224,6406.0,0.2,1,6406.0,6406.0,6406.0
4,224,6406.0,3.0,21,6406.0,6406.0,134526.0
4,-224,-567.0,0.2,1,-567.0,-567.0,-567.0
4,-224,-567.0,3.0,21,-567.0,-567.0,-11907.0
4,-224,595.1666666666667,0.2,1,-490.0,-490.0,-490.0
4,-224,595.1666666666667,3.0,21,-490.0,-490.0,-10290.0
4,-224,1757.3333333333335,0.2,1,-490.0,-490.0,-490.0
4,-224,1757.3333333333335,3.0,21,-490.0,-490.0,-10290.0
4,-224,2919.5,0.2,1,-490.0,-490.0,-490.0
4,-224,2919.5,3.0,21,-490.0,-490.0,-10290.0
4,-224,4081.666666666667,0.2,1,-490.0,-490.0,-490.0
4,-224,4081.666666666667,3.0,21,-490.0,-490.0,-10290.0
4,-224,5243.833333333334,0.2,1,-490.0,-490.0,-490.0
4,-224,5243.833333333334,3.0,21,-490.0,-490.0,-10290.0
4,-224,6406.0,0.2,1,-490.0,-490.0,-490.0
4,-224,6406.0,3.0,21,-489.5,-490.0,-10289.5
4,255,0.0,0.2,1,6280.833333333333,6280.833333333333,6280.833333333333
4,255,0.0,3.0,21,6280.833333333333,6280.833333333333,131897.49999999997
4,255,1083.6666666666667,0.2,1,6280.833333333333,6280.833333333333,6280.833333333333
4,255,1083.6666666666667,3.0,21,6280.833333333333,6280.833333333333,131897.49999999997
4,255,2167.3333333333335,0.2,1,6280.833333333333,6280.833333333333,6280.833333333333
4,255,2167.3333333333335,3.0,21,6280.833333333333,6280.833333333333,131897.49999999997
4,255,3251.0,0.2,1,6280.833333333333,6280.833333333333,6280.833333333333
4,255,3251.0,3.0,21,6280.833333333333,6280.833333333333,131897.49999999997
4,255,4334.666666666667,0.2,1,6280.833333333333,6280.833333333333,6280.833333333333
4,255,4334.666666666667,3.0,21,6280.833333333333,6280.833333333333,131897.49999999997
4,255,5418.333333333334,0.2,1,6280.833333333333,6280.833333333333,6280.833333333333
4,255,5418.333333333334,3.0,21,6280.833333333333,6280.833333333333,131897.49999999997
4,255,6502.0,0.2,1,6502.0,6502.0,6502.0
4,255,6502.0,3.0,21,6502.0,6502.0,136542.0
4,-255,-671.0,0.2,1,-671.0,-671.0,-671.0
4,-255,-671.0,3.0,21,-671.0,-671.0,-14091.0
4,-255,524.5,0.2,1,-562.1666666666666,-562.1666666666666,-562.1666666666666
4,-255,524.5,3.0,21,-562.1666666666666,-562.1666666666666,-11805.499999999996
4,-255,1720.0,0.2,1,-562.1666666666666,-562.1666666666666,-562.1666666666666
4,-255,1720.0,3.0,21,-562.1666666666666,-562.1666666666666,-11805.499999999996
4,-255,2915.5,0.2,1,-562.1666666666666,-562.1666666666666,-562.1666666666666
4,-255,2915.5,3.0,21,-562.1666666666666,-562.1666666666666,-11805.499999999996
4,-255,4111.0,0.2,1,-562.1666666666666,-562.1666666666666,-562.1666666666666
4,-255,4111.0,3.0,21,-562.1666666666666,-562.1666666666666,-11805.499999999996
4,-255,5306.5,0.2,1,-562.1666666666666,-562.1666666666666,-562.1666666666666
4,-255,5306.5,3.0,21,-562.1666666666666,-562.1666666666666,-11805.499999999996
4,-255,6502.0,0.2,1,-562.1666666666666,-562.1666666666666,-562.1666666666666
4,-255,6502.0,3.0,21,-562.1666666666666,-562.1666666666666,-11805.499999999996
