motor,pwm,pos,duration,n_points,first,last,sum,actual_n_points,actual_first,actual_last,actual_sum,n_points_match,first_abs_error,last_abs_error,sum_abs_error,max_abs_error,regression_pass,monotonic
1,64,0,0.2,1,3925.33333333333,3925.33333333333,3925.33333333333,1,3925.33333333333,3925.33333333333,3925.33333333333,1,0,0,0,0,1,1
1,64,0,3,21,2762,14316,258575.666666667,21,2762,14316,258575.666666667,1,0,0,0,0,1,1
1,64,2836,0.2,1,6395,6395,6395,1,6395,6395,6395,1,0,0,0,0,1,1
1,64,2836,3,21,5523.33333333333,14316,270450,21,5523.33333333333,14316,270450,1,0,0,0,0,1,1
1,64,5672,0.2,1,8391.33333333333,8391.33333333333,8391.33333333333,1,8391.33333333333,8391.33333333333,8391.33333333333,1,0,0,0,0,1,1
1,64,5672,3,21,7689,14316,279806.666666667,21,7689,14316,279806.666666667,1,0,0,5.82076609134674e-11,5.82076609134674e-11,1,1
1,64,8508,0.2,1,10471.3333333333,10471.3333333333,10471.3333333333,1,10471.3333333333,10471.3333333333,10471.3333333333,1,0,0,0,0,1,1
1,64,8508,3,21,9924.66666666667,14316,288873.666666667,21,9924.66666666667,14316,288873.666666667,1,0,0,0,0,1,1
1,64,11344,0.2,1,12599.6666666667,12599.6666666667,12599.6666666667,1,12599.6666666667,12599.6666666667,12599.6666666667,1,0,0,0,0,1,1
1,64,11344,3,21,12299.6666666667,14316,296381.666666667,21,12299.6666666667,14316,296381.666666667,1,0,0,0,0,1,1
1,64,14180,0.2,1,14316,14316,14316,1,14316,14316,14316,1,0,0,0,0,1,1
1,64,14180,3,21,14316,14316,300636,21,14316,14316,300636,1,0,0,0,0,1,1
1,64,17016,0.2,1,17016,17016,17016,1,17016,17016,17016,1,0,0,0,0,1,1
1,64,17016,3,21,17016,17016,357336,21,17016,17016,357336,1,0,0,0,0,1,1
1,-64,-194,0.2,1,-194,-194,-194,1,-194,-194,-194,1,0,0,0,0,1,1
1,-64,-194,3,21,-194,-194,-4074,21,-194,-194,-4074,1,0,0,0,0,1,1
1,-64,2674.33333333333,0.2,1,215.666666666667,215.666666666667,215.666666666667,1,215.666666666667,215.666666666667,215.666666666667,1,0,0,0,0,1,1
1,-64,2674.33333333333,3,21,678.333333333333,-145.333333333333,-2228.33333333333,21,678.333333333333,-145.333333333333,-2228.33333333333,1,0,0,0,0,1,1
1,-64,5542.66666666667,0.2,1,1251,1251,1251,1,1251,1251,1251,1,0,0,0,0,1,1
1,-64,5542.66666666667,3,21,2200.33333333333,-145.333333333333,-76.3333333333335,21,2200.33333333333,-145.333333333333,-76.3333333333336,1,0,0,1.13686837721616e-13,1.13686837721616e-13,1,1
1,-64,8411,0.2,1,3634.66666666667,3634.66666666667,3634.66666666667,1,3634.66666666667,3634.66666666667,3634.66666666667,1,0,0,0,0,1,1
1,-64,8411,3,21,5005.66666666667,-145.333333333333,4520,21,5005.66666666667,-145.333333333333,4520.00000000001,1,0,0,3.63797880709171e-12,3.63797880709171e-12,1,1
1,-64,11279.3333333333,0.2,1,6664,6664,6664,1,6664,6664,6664,1,0,0,0,0,1,1
1,-64,11279.3333333333,3,21,8004.66666666667,-145.333333333333,11840.3333333333,21,8004.66666666667,-145.333333333333,11840.3333333333,1,0,0,5.45696821063757e-12,5.45696821063757e-12,1,1
1,-64,14147.6666666667,0.2,1,9733.66666666667,9733.66666666667,9733.66666666667,1,9733.66666666667,9733.66666666667,9733.66666666667,1,0,0,0,0,1,1
1,-64,14147.6666666667,3,21,11027,-145.333333333333,22232.6666666667,21,11027,-145.333333333333,22232.6666666667,1,0,0,1.09139364212751e-11,1.09139364212751e-11,1,1
1,-64,17016,0.2,1,10362,10362,10362,1,10362,10362,10362,1,0,0,0,0,1,1
1,-64,17016,3,21,11635,-145.333333333333,24796,21,11635,-145.333333333333,24796,1,0,0,1.81898940354586e-11,1.81898940354586e-11,1,1
1,96,0,0.2,1,6279.75,6279.75,6279.75,1,6279.75,6279.75,6279.75,1,0,0,0,0,1,1
1,96,0,3,21,4536.5,16961.75,328314.5,21,4536.5,16961.75,328314.5,1,0,0,0,0,1,1
1,96,2841,0.2,1,8820.25,8820.25,8820.25,1,8820.25,8820.25,8820.25,1,0,0,0,0,1,1
1,96,2841,3,21,7280.75,16961.75,336956.75,21,7280.75,16961.75,336956.75,1,0,0,0,0,1,1
1,96,5682,0.2,1,10989,10989,10989,1,10989,10989,10989,1,0,0,0,0,1,1
1,96,5682,3,21,9584.5,16961.75,343332,21,9584.5,16961.75,343332,1,0,0,0,0,1,1
1,96,8523,0.2,1,13361.25,13361.25,13361.25,1,13361.25,13361.25,13361.25,1,0,0,0,0,1,1
1,96,8523,3,21,12052.75,16961.75,348885.75,21,12052.75,16961.75,348885.75,1,0,0,0,0,1,1
1,96,11364,0.2,1,15549.5,15549.5,15549.5,1,15549.5,15549.5,15549.5,1,0,0,0,0,1,1
1,96,11364,3,21,14511.5,16961.75,353081.25,21,14511.5,16961.75,353081.25,1,0,0,0,0,1,1
1,96,14205,0.2,1,16668.25,16668.25,16668.25,1,16668.25,16668.25,16668.25,1,0,0,0,0,1,1
1,96,14205,3,21,16447.5,16961.75,355417.25,21,16447.5,16961.75,355417.25,1,0,0,0,0,1,1
1,96,17046,0.2,1,17046,17046,17046,1,17046,17046,17046,1,0,0,0,0,1,1
1,96,17046,3,21,17046,17046,357966,21,17046,17046,357966,1,0,0,0,0,1,1
1,-96,-368,0.2,1,-368,-368,-368,1,-368,-368,-368,1,0,0,0,0,1,1
1,-96,-368,3,21,-368,-368,-7728,21,-368,-368,-7728,1,0,0,0,0,1,1
1,-96,2534.33333333333,0.2,1,-320,-320,-320,1,-320,-320,-320,1,0,0,0,0,1,1
1,-96,2534.33333333333,3,21,-320,-320,-6720,21,-320,-320,-6720,1,0,0,0,0,1,1
1,-96,5436.66666666667,0.2,1,-320,-320,-320,1,-320,-320,-320,1,0,0,0,0,1,1
1,-96,5436.66666666667,3,21,27,-320,-6373,21,27,-320,-6373,1,0,0,0,0,1,1
1,-96,8339,0.2,1,395.5,395.5,395.5,1,395.5,395.5,395.5,1,0,0,0,0,1,1
1,-96,8339,3,21,2615.75,-320,-3784.25,21,2615.75,-320,-3784.25,1,0,0,0,0,1,1
1,-96,11241.3333333333,0.2,1,3491,3491,3491,1,3491,3491,3491,1,0,0,0,0,1,1
1,-96,11241.3333333333,3,21,5750.5,-320,-124.25,21,5750.5,-320,-124.25,1,0,0,0,0,1,1
1,-96,14143.6666666667,0.2,1,6660.75,6660.75,6660.75,1,6660.75,6660.75,6660.75,1,0,0,0,0,1,1
1,-96,14143.6666666667,3,21,8860.25,-320,6033.25,21,8860.25,-320,6033.25,1,0,0,0,0,1,1
1,-96,17046,0.2,1,9800.75,9800.75,9800.75,1,9800.75,9800.75,9800.75,1,0,0,0,0,1,1
1,-96,17046,3,21,11921,-320,13492,21,11921,-320,13492,1,0,0,0,0,1,1
1,128,0,0.2,1,7999.5,7999.5,7999.5,1,7999.5,7999.5,7999.5,1,0,0,0,0,1,1
1,128,0,3,21,5684.33333333333,17101,340877.833333333,21,5684.33333333333,17101,340877.833333333,1,0,0,0,0,1,1
1,128,2862,0.2,1,10977.6666666667,10977.6666666667,10977.6666666667,1,10977.6666666667,10977.6666666667,10977.6666666667,1,0,0,0,0,1,1
1,128,2862,3,21,8752,17101,347740,21,8752,17101,347740,1,0,0,0,0,1,1
1,128,5724,0.2,1,13445.3333333333,13445.3333333333,13445.3333333333,1,13445.3333333333,13445.3333333333,13445.3333333333,1,0,0,0,0,1,1
1,128,5724,3,21,11393.3333333333,17101,352357,21,11393.3333333333,17101,352357,1,0,0,0,0,1,1
1,128,8586,0.2,1,15688.5,15688.5,15688.5,1,15688.5,15688.5,15688.5,1,0,0,0,0,1,1
1,128,8586,3,21,13965.8333333333,17101,355974.5,21,13965.8333333333,17101,355974.5,1,0,0,0,0,1,1
1,128,11448,0.2,1,16987,16987,16987,1,16987,16987,16987,1,0,0,0,0,1,1
1,128,11448,3,21,16095,17101,358115,21,16095,17101,358115,1,0,0,0,0,1,1
1,128,14310,0.2,1,17101,17101,17101,1,17101,17101,17101,1,0,0,0,0,1,1
1,128,14310,3,21,17101,17101,359121,21,17101,17101,359121,1,0,0,0,0,1,1
1,128,17172,0.2,1,17172,17172,17172,1,17172,17172,17172,1,0,0,0,0,1,1
1,128,17172,3,21,17172,17172,360612,21,17172,17172,360612,1,0,0,0,0,1,1
1,-128,-557,0.2,1,-557,-557,-557,1,-557,-557,-557,1,0,0,0,0,1,1
1,-128,-557,3,21,-557,-557,-11697,21,-557,-557,-11697,1,0,0,0,0,1,1
1,-128,2397.83333333333,0.2,1,-493,-493,-493,1,-493,-493,-493,1,0,0,0,0,1,1
1,-128,2397.83333333333,3,21,-493,-493,-10353,21,-493,-493,-10353,1,0,0,0,0,1,1
1,-128,5352.66666666667,0.2,1,-493,-493,-493,1,-493,-493,-493,1,0,0,0,0,1,1
1,-128,5352.66666666667,3,21,-412.5,-493,-10272.5,21,-412.5,-493,-10272.5,1,0,0,0,0,1,1
1,-128,8307.5,0.2,1,-361.666666666667,-361.666666666667,-361.666666666667,1,-361.666666666667,-361.666666666667,-361.666666666667,1,0,0,0,0,1,1
1,-128,8307.5,3,21,1355.33333333333,-493,-8504.66666666667,21,1355.33333333333,-493,-8504.66666666667,1,0,0,0,0,1,1
1,-128,11262.3333333333,0.2,1,1649.66666666667,1649.66666666667,1649.66666666667,1,1649.66666666667,1649.66666666667,1649.66666666667,1,0,0,0,0,1,1
1,-128,11262.3333333333,3,21,4457.16666666667,-493,-5401.16666666667,21,4457.16666666667,-493,-5401.16666666667,1,0,0,0,0,1,1
1,-128,14217.1666666667,0.2,1,4830.16666666667,4830.16666666667,4830.16666666667,1,4830.16666666667,4830.16666666667,4830.16666666667,1,0,0,0,0,1,1
1,-128,14217.1666666667,3,21,7591.66666666667,-493,-1113.83333333333,21,7591.66666666667,-493,-1113.83333333333,1,0,0,9.09494701772928e-13,9.09494701772928e-13,1,1
1,-128,17172,0.2,1,8448.83333333333,8448.83333333333,8448.83333333333,1,8448.83333333333,8448.83333333333,8448.83333333333,1,0,0,0,0,1,1
1,-128,17172,3,21,11086,-493,6013.16666666667,21,11086,-493,6013.16666666667,1,0,0,0,0,1,1
1,160,0,0.2,1,9023.8,9023.8,9023.8,1,9023.8,9023.8,9023.8,1,0,0,0,0,1,1
1,160,0,3,21,6459.4,17116.6,344238,21,6459.4,17116.6,344238,1,0,0,5.82076609134674e-11,5.82076609134674e-11,1,1
1,160,2866.83333333333,0.2,1,11959.4,11959.4,11959.4,1,11959.4,11959.4,11959.4,1,0,0,0,0,1,1
1,160,2866.83333333333,3,21,9473.2,17116.6,350069.6,21,9473.2,17116.6,350069.6,1,0,0,5.82076609134674e-11,5.82076609134674e-11,1,1
1,160,5733.66666666667,0.2,1,14425.2,14425.2,14425.2,1,14425.2,14425.2,14425.2,1,0,0,0,0,1,1
1,160,5733.66666666667,3,21,12124.8,17116.6,354203.8,21,12124.8,17116.6,354203.8,1,0,0,5.82076609134674e-11,5.82076609134674e-11,1,1
1,160,8600.5,0.2,1,16496,16496,16496,1,16496,16496,16496,1,0,0,0,0,1,1
1,160,8600.5,3,21,14663.8,17116.6,356995.8,21,14663.8,17116.6,356995.8,1,0,0,5.82076609134674e-11,5.82076609134674e-11,1,1
1,160,11467.3333333333,0.2,1,17059,17059,17059,1,17059,17059,17059,1,0,0,0,0,1,1
1,160,11467.3333333333,3,21,16645.4,17116.6,358977.4,21,16645.4,17116.6,358977.4,1,0,0,5.82076609134674e-11,5.82076609134674e-11,1,1
1,160,14334.1666666667,0.2,1,17116.6,17116.6,17116.6,1,17116.6,17116.6,17116.6,1,0,0,0,0,1,1
1,160,14334.1666666667,3,21,17113.2,17116.6,359445.2,21,17113.2,17116.6,359445.2,1,0,0,1.16415321826935e-10,1.16415321826935e-10,1,1
1,160,17201,0.2,1,17201,17201,17201,1,17201,17201,17201,1,0,0,0,0,1,1
1,160,17201,3,21,17201,17201,361221,21,17201,17201,361221,1,0,0,0,0,1,1
1,-160,-688,0.2,1,-688,-688,-688,1,-688,-688,-688,1,0,0,0,0,1,1
1,-160,-688,3,21,-688,-688,-14448,21,-688,-688,-14448,1,0,0,0,0,1,1
1,-160,2293.33333333333,0.2,1,-595.8,-595.8,-595.8,1,-595.8,-595.8,-595.8,1,0,0,0,0,1,1
1,-160,2293.33333333333,3,21,-595.8,-595.8,-12511.8,21,-595.8,-595.8,-12511.8,1,0,0,0,0,1,1
1,-160,5274.66666666667,0.2,1,-595.8,-595.8,-595.8,1,-595.8,-595.8,-595.8,1,0,0,0,0,1,1
1,-160,5274.66666666667,3,21,-585.8,-595.8,-12501.8,21,-585.8,-595.8,-12501.8,1,0,0,0,0,1,1
1,-160,8256,0.2,1,-588.4,-588.4,-588.4,1,-588.4,-588.4,-588.4,1,0,0,0,0,1,1
1,-160,8256,3,21,557.4,-595.8,-11358.6,21,557.4,-595.8,-11358.6,1,0,0,1.81898940354586e-12,1.81898940354586e-12,1,1
1,-160,11237.3333333333,0.2,1,557.4,557.4,557.4,1,557.4,557.4,557.4,1,0,0,0,0,1,1
1,-160,11237.3333333333,3,21,3618.4,-595.8,-8297.6,21,3618.4,-595.8,-8297.6,1,0,0,1.81898940354586e-12,1.81898940354586e-12,1,1
1,-160,14218.6666666667,0.2,1,3726,3726,3726,1,3726,3726,3726,1,0,0,0,0,1,1
1,-160,14218.6666666667,3,21,6786.4,-595.8,-4866.8,21,6786.4,-595.8,-4866.8,1,0,0,9.09494701772928e-13,9.09494701772928e-13,1,1
1,-160,17200,0.2,1,7267.2,7267.2,7267.2,1,7267.2,7267.2,7267.2,1,0,0,0,0,1,1
1,-160,17200,3,21,10269.8,-595.8,1566.2,21,10269.8,-595.8,1566.2,1,0,0,4.54747350886464e-12,4.54747350886464e-12,1,1
1,192,0,0.2,1,9863.66666666667,9863.66666666667,9863.66666666667,1,9863.66666666667,9863.66666666667,9863.66666666667,1,0,0,0,0,1,1
1,192,0,3,21,7040.66666666667,17209,348104.333333333,21,7040.66666666667,17209,348104.333333333,1,0,0,0,0,1,1
1,192,2881.33333333333,0.2,1,12923.6666666667,12923.6666666667,12923.6666666667,1,12923.6666666667,12923.6666666667,12923.6666666667,1,0,0,0,0,1,1
1,192,2881.33333333333,3,21,10093,17209,353833.666666667,21,10093,17209,353833.666666667,1,0,0,0,0,1,1
1,192,5762.66666666667,0.2,1,15621,15621,15621,1,15621,15621,15621,1,0,0,0,0,1,1
1,192,5762.66666666667,3,21,12874.3333333333,17209,357054.333333333,21,12874.3333333333,17209,357054.333333333,1,0,0,0,0,1,1
1,192,8644,0.2,1,17169,17169,17169,1,17169,17169,17169,1,0,0,0,0,1,1
1,192,8644,3,21,15667.6666666667,17209,359847.666666667,21,15667.6666666667,17209,359847.666666667,1,0,0,0,0,1,1
1,192,11525.3333333333,0.2,1,17209,17209,17209,1,17209,17209,17209,1,0,0,0,0,1,1
1,192,11525.3333333333,3,21,17180,17209,361360,21,17180,17209,361360,1,0,0,0,0,1,1
1,192,14406.6666666667,0.2,1,17209,17209,17209,1,17209,17209,17209,1,0,0,0,0,1,1
1,192,14406.6666666667,3,21,17209,17209,361389,21,17209,17209,361389,1,0,0,0,0,1,1
1,192,17288,0.2,1,17288,17288,17288,1,17288,17288,17288,1,0,0,0,0,1,1
1,192,17288,3,21,17288,17288,363048,21,17288,17288,363048,1,0,0,0,0,1,1
1,-192,-707,0.2,1,-707,-707,-707,1,-707,-707,-707,1,0,0,0,0,1,1
1,-192,-707,3,21,-707,-707,-14847,21,-707,-707,-14847,1,0,0,0,0,1,1
1,-192,2292.16666666667,0.2,1,-659.25,-659.25,-659.25,1,-659.25,-659.25,-659.25,1,0,0,0,0,1,1
1,-192,2292.16666666667,3,21,-659.25,-659.25,-13844.25,21,-659.25,-659.25,-13844.25,1,0,0,0,0,1,1
1,-192,5291.33333333333,0.2,1,-659.25,-659.25,-659.25,1,-659.25,-659.25,-659.25,1,0,0,0,0,1,1
1,-192,5291.33333333333,3,21,-659.25,-659.25,-13844.25,21,-659.25,-659.25,-13844.25,1,0,0,0,0,1,1
1,-192,8290.5,0.2,1,-659.25,-659.25,-659.25,1,-659.25,-659.25,-659.25,1,0,0,0,0,1,1
1,-192,8290.5,3,21,-142.5,-659.25,-13327.5,21,-142.5,-659.25,-13327.5,1,0,0,0,0,1,1
1,-192,11289.6666666667,0.2,1,-314.5,-314.5,-314.5,1,-314.5,-314.5,-314.5,1,0,0,0,0,1,1
1,-192,11289.6666666667,3,21,2947.25,-659.25,-10237.75,21,2947.25,-659.25,-10237.75,1,0,0,0,0,1,1
1,-192,14288.8333333333,0.2,1,2768.25,2768.25,2768.25,1,2768.25,2768.25,2768.25,1,0,0,0,0,1,1
1,-192,14288.8333333333,3,21,6169.25,-659.25,-7015.75,21,6169.25,-659.25,-7015.75,1,0,0,0,0,1,1
1,-192,17288,0.2,1,6347.75,6347.75,6347.75,1,6347.75,6347.75,6347.75,1,0,0,0,0,1,1
1,-192,17288,3,21,9658.75,-659.25,-1646.75,21,9658.75,-659.25,-1646.75,1,0,0,0,0,1,1
1,224,0,0.2,1,10436.8333333333,10436.8333333333,10436.8333333333,1,10436.8333333333,10436.8333333333,10436.8333333333,1,0,0,0,0,1,1
1,224,0,3,21,7429.66666666667,17213.8333333333,349405,21,7429.66666666667,17213.8333333333,349405,1,0,0,5.82076609134674e-11,5.82076609134674e-11,1,1
1,224,2880.33333333333,0.2,1,13539,13539,13539,1,13539,13539,13539,1,0,0,0,0,1,1
1,224,2880.33333333333,3,21,10551.5,17213.8333333333,354670.833333333,21,10551.5,17213.8333333333,354670.833333333,1,0,0,5.82076609134674e-11,5.82076609134674e-11,1,1
1,224,5760.66666666667,0.2,1,16192.3333333333,16192.3333333333,16192.3333333333,1,16192.3333333333,16192.3333333333,16192.3333333333,1,0,0,0,0,1,1
1,224,5760.66666666667,3,21,13330,17213.8333333333,357606.666666667,21,13330,17213.8333333333,357606.666666667,1,0,0,5.82076609134674e-11,5.82076609134674e-11,1,1
1,224,8641,0.2,1,17210.5,17210.5,17210.5,1,17210.5,17210.5,17210.5,1,0,0,0,0,1,1
1,224,8641,3,21,16094.6666666667,17213.8333333333,360371.333333333,21,16094.6666666667,17213.8333333333,360371.333333333,1,0,0,5.82076609134674e-11,5.82076609134674e-11,1,1
1,224,11521.3333333333,0.2,1,17213.8333333333,17213.8333333333,17213.8333333333,1,17213.8333333333,17213.8333333333,17213.8333333333,1,0,0,0,0,1,1
1,224,11521.3333333333,3,21,17198,17213.8333333333,361474.666666667,21,17198,17213.8333333333,361474.666666667,1,0,0,5.82076609134674e-11,5.82076609134674e-11,1,1
1,224,14401.6666666667,0.2,1,17213.8333333333,17213.8333333333,17213.8333333333,1,17213.8333333333,17213.8333333333,17213.8333333333,1,0,0,0,0,1,1
1,224,14401.6666666667,3,21,17213.8333333333,17213.8333333333,361490.5,21,17213.8333333333,17213.8333333333,361490.5,1,0,0,5.82076609134674e-11,5.82076609134674e-11,1,1
1,224,17282,0.2,1,17282,17282,17282,1,17282,17282,17282,1,0,0,0,0,1,1
1,224,17282,3,21,17282,17282,362922,21,17282,17282,362922,1,0,0,0,0,1,1
1,-224,-788,0.2,1,-788,-788,-788,1,-788,-788,-788,1,0,0,0,0,1,1
1,-224,-788,3,21,-788,-788,-16548,21,-788,-788,-16548,1,0,0,0,0,1,1
1,-224,2223.5,0.2,1,-706.333333333333,-706.333333333333,-706.333333333333,1,-706.333333333333,-706.333333333333,-706.333333333333,1,0,0,0,0,1,1
1,-224,2223.5,3,21,-706.333333333333,-706.333333333333,-14833,21,-706.333333333333,-706.333333333333,-14833,1,0,0,0,0,1,1
1,-224,5235,0.2,1,-706.333333333333,-706.333333333333,-706.333333333333,1,-706.333333333333,-706.333333333333,-706.333333333333,1,0,0,0,0,1,1
1,-224,5235,3,21,-706.333333333333,-706.333333333333,-14833,21,-706.333333333333,-706.333333333333,-14833,1,0,0,0,0,1,1
1,-224,8246.5,0.2,1,-706.333333333333,-706.333333333333,-706.333333333333,1,-706.333333333333,-706.333333333333,-706.333333333333,1,0,0,0,0,1,1
1,-224,8246.5,3,21,-390.666666666667,-706.333333333333,-14517.3333333333,21,-390.666666666667,-706.333333333333,-14517.3333333333,1,0,0,0,0,1,1
1,-224,11258,0.2,1,-578.333333333333,-578.333333333333,-578.333333333333,1,-578.333333333333,-578.333333333333,-578.333333333333,1,0,0,0,0,1,1
1,-224,11258,3,21,2494,-706.333333333333,-11632.6666666667,21,2494,-706.333333333333,-11632.6666666667,1,0,0,1.81898940354586e-12,1.81898940354586e-12,1,1
1,-224,14269.5,0.2,1,2235.83333333333,2235.83333333333,2235.83333333333,1,2235.83333333333,2235.83333333333,2235.83333333333,1,0,0,0,0,1,1
1,-224,14269.5,3,21,5771.83333333333,-706.333333333333,-8354.83333333333,21,5771.83333333333,-706.333333333333,-8354.83333333333,1,0,0,1.81898940354586e-12,1.81898940354586e-12,1,1
1,-224,17281,0.2,1,5833.66666666667,5833.66666666667,5833.66666666667,1,5833.66666666667,5833.66666666667,5833.66666666667,1,0,0,0,0,1,1
1,-224,17281,3,21,9312.66666666667,-706.333333333333,-3595.16666666667,21,9312.66666666667,-706.333333333333,-3595.16666666667,1,0,0,1.81898940354586e-12,1.81898940354586e-12,1,1
1,255,0,0.2,1,11176.6666666667,11176.6666666667,11176.6666666667,1,11176.6666666667,11176.6666666667,11176.6666666667,1,0,0,0,0,1,1
1,255,0,3,21,7924.66666666667,17246.5,351502,21,7924.66666666667,17246.5,351502,1,0,0,0,0,1,1
1,255,2895.83333333333,0.2,1,14281.1666666667,14281.1666666667,14281.1666666667,1,14281.1666666667,14281.1666666667,14281.1666666667,1,0,0,0,0,1,1
1,255,2895.83333333333,3,21,11120,17246.5,356050,21,11120,17246.5,356050,1,0,0,0,0,1,1
1,255,5791.66666666667,0.2,1,16810.5,16810.5,16810.5,1,16810.5,16810.5,16810.5,1,0,0,0,0,1,1
1,255,5791.66666666667,3,21,13899.6666666667,17246.5,358829.666666667,21,13899.6666666667,17246.5,358829.666666667,1,0,0,0,0,1,1
1,255,8687.5,0.2,1,17246.5,17246.5,17246.5,1,17246.5,17246.5,17246.5,1,0,0,0,0,1,1
1,255,8687.5,3,21,16582.8333333333,17246.5,361512.833333333,21,16582.8333333333,17246.5,361512.833333333,1,0,0,0,0,1,1
1,255,11583.3333333333,0.2,1,17246.5,17246.5,17246.5,1,17246.5,17246.5,17246.5,1,0,0,0,0,1,1
1,255,11583.3333333333,3,21,17246.5,17246.5,362176.5,21,17246.5,17246.5,362176.5,1,0,0,0,0,1,1
1,255,14479.1666666667,0.2,1,17246.5,17246.5,17246.5,1,17246.5,17246.5,17246.5,1,0,0,0,0,1,1
1,255,14479.1666666667,3,21,17246.5,17246.5,362176.5,21,17246.5,17246.5,362176.5,1,0,0,0,0,1,1
1,255,17375,0.2,1,17375,17375,17375,1,17375,17375,17375,1,0,0,0,0,1,1
1,255,17375,3,21,17375,17375,364875,21,17375,17375,364875,1,0,0,0,0,1,1
1,-255,-871,0.2,1,-871,-871,-871,1,-871,-871,-871,1,0,0,0,0,1,1
1,-255,-871,3,21,-871,-871,-18291,21,-871,-871,-18291,1,0,0,0,0,1,1
1,-255,2170,0.2,1,-788.666666666667,-788.666666666667,-788.666666666667,1,-788.666666666667,-788.666666666667,-788.666666666667,1,0,0,0,0,1,1
1,-255,2170,3,21,-788.666666666667,-788.666666666667,-16562,21,-788.666666666667,-788.666666666667,-16562,1,0,0,0,0,1,1
1,-255,5211,0.2,1,-788.666666666667,-788.666666666667,-788.666666666667,1,-788.666666666667,-788.666666666667,-788.666666666667,1,0,0,0,0,1,1
1,-255,5211,3,21,-788.666666666667,-788.666666666667,-16562,21,-788.666666666667,-788.666666666667,-16562,1,0,0,0,0,1,1
1,-255,8252,0.2,1,-788.666666666667,-788.666666666667,-788.666666666667,1,-788.666666666667,-788.666666666667,-788.666666666667,1,0,0,0,0,1,1
1,-255,8252,3,21,-664.833333333333,-788.666666666667,-16438.1666666667,21,-664.833333333333,-788.666666666667,-16438.1666666667,1,0,0,3.63797880709171e-12,3.63797880709171e-12,1,1
1,-255,11293,0.2,1,-774,-774,-774,1,-774,-774,-774,1,0,0,0,0,1,1
1,-255,11293,3,21,2046,-788.666666666667,-13727.3333333333,21,2046,-788.666666666667,-13727.3333333333,1,0,0,0,0,1,1
1,-255,14334,0.2,1,1526.66666666667,1526.66666666667,1526.66666666667,1,1526.66666666667,1526.66666666667,1526.66666666667,1,0,0,0,0,1,1
1,-255,14334,3,21,5228.33333333333,-788.666666666667,-10545,21,5228.33333333333,-788.666666666667,-10545,1,0,0,1.81898940354586e-12,1.81898940354586e-12,1,1
1,-255,17375,0.2,1,5034.33333333333,5034.33333333333,5034.33333333333,1,5034.33333333333,5034.33333333333,5034.33333333333,1,0,0,0,0,1,1
1,-255,17375,3,21,8714.66666666667,-788.666666666667,-6686.5,21,8714.66666666667,-788.666666666667,-6686.5,1,0,0,0,0,1,1
2,64,0,0.2,1,1868.33333333333,1868.33333333333,1868.33333333333,1,1868.33333333333,1868.33333333333,1868.33333333333,1,0,0,0,0,1,1
2,64,0,3,21,1414.66666666667,3598,65116.6666666667,21,1414.66666666667,3598,65116.6666666667,1,0,0,7.27595761418343e-12,7.27595761418343e-12,1,1
2,64,877.5,0.2,1,2274,2274,2274,1,2274,2274,2274,1,0,0,0,0,1,1
2,64,877.5,3,21,2066,3598,66723.3333333333,21,2066,3598,66723.3333333333,1,0,0,1.45519152283669e-11,1.45519152283669e-11,1,1
2,64,1755,0.2,1,2421,2421,2421,1,2421,2421,2421,1,0,0,0,0,1,1
2,64,1755,3,21,2354,3598,67863,21,2354,3598,67863,1,0,0,0,0,1,1
2,64,2632.5,0.2,1,2703.66666666667,2703.66666666667,2703.66666666667,1,2703.66666666667,2703.66666666667,2703.66666666667,1,0,0,0,0,1,1
2,64,2632.5,3,21,2702.33333333333,3598,73189.3333333333,21,2702.33333333333,3598,73189.3333333333,1,0,0,0,0,1,1
2,64,3510,0.2,1,3598,3598,3598,1,3598,3598,3598,1,0,0,0,0,1,1
2,64,3510,3,21,3598,3598,75558,21,3598,3598,75558,1,0,0,0,0,1,1
2,64,4387.5,0.2,1,4387.5,4387.5,4387.5,1,4387.5,4387.5,4387.5,1,0,0,0,0,1,1
2,64,4387.5,3,21,4387.5,4387.5,92137.5,21,4387.5,4387.5,92137.5,1,0,0,0,0,1,1
2,64,5265,0.2,1,5265,5265,5265,1,5265,5265,5265,1,0,0,0,0,1,1
2,64,5265,3,21,5265,5265,110565,21,5265,5265,110565,1,0,0,0,0,1,1
2,-64,-24,0.2,1,-24,-24,-24,1,-24,-24,-24,1,0,0,0,0,1,1
2,-64,-24,3,21,-24,-24,-504,21,-24,-24,-504,1,0,0,0,0,1,1
2,-64,905,0.2,1,102.666666666667,102.666666666667,102.666666666667,1,102.666666666667,102.666666666667,102.666666666667,1,0,0,0,0,1,1
2,-64,905,3,21,233.333333333333,-15,-66.6666666666667,21,233.333333333333,-15,-66.6666666666667,1,0,0,0,0,1,1
2,-64,1834,0.2,1,578,578,578,1,578,578,578,1,0,0,0,0,1,1
2,-64,1834,3,21,948.333333333333,-15,913.666666666667,21,948.333333333333,-15,913.666666666667,1,0,0,0,0,1,1
2,-64,2763,0.2,1,1329,1329,1329,1,1329,1329,1329,1,0,0,0,0,1,1
2,-64,2763,3,21,1678,-15,2386.33333333333,21,1678,-15,2386.33333333333,1,0,0,0,0,1,1
2,-64,3692,0.2,1,1969.33333333333,1969.33333333333,1969.33333333333,1,1969.33333333333,1969.33333333333,1969.33333333333,1,0,0,0,0,1,1
2,-64,3692,3,21,2410,-15,4229,21,2410,-15,4229,1,0,0,0,0,1,1
2,-64,4621,0.2,1,2410,2410,2410,1,2410,2410,2410,1,0,0,0,0,1,1
2,-64,4621,3,21,2925,-15,5599.33333333333,21,2925,-15,5599.33333333333,1,0,0,0,0,1,1
2,-64,5550,0.2,1,2410,2410,2410,1,2410,2410,2410,1,0,0,0,0,1,1
2,-64,5550,3,21,2925,-15,5599.33333333333,21,2925,-15,5599.33333333333,1,0,0,0,0,1,1
2,96,0,0.2,1,3618.75,3618.75,3618.75,1,3618.75,3618.75,3618.75,1,0,0,0,0,1,1
2,96,0,3,21,3059.5,5435.75,107782,21,3059.5,5435.75,107782,1,0,0,0,0,1,1
2,96,1084.16666666667,0.2,1,3969.25,3969.25,3969.25,1,3969.25,3969.25,3969.25,1,0,0,0,0,1,1
2,96,1084.16666666667,3,21,3552,5435.75,108832.5,21,3552,5435.75,108832.5,1,0,0,0,0,1,1
2,96,2168.33333333333,0.2,1,4190.75,4190.75,4190.75,1,4190.75,4190.75,4190.75,1,0,0,0,0,1,1
2,96,2168.33333333333,3,21,3879.25,5435.75,109459.5,21,3879.25,5435.75,109459.5,1,0,0,0,0,1,1
2,96,3252.5,0.2,1,4314.25,4314.25,4314.25,1,4314.25,4314.25,4314.25,1,0,0,0,0,1,1
2,96,3252.5,3,21,4240.25,5435.75,110366.75,21,4240.25,5435.75,110366.75,1,0,0,0,0,1,1
2,96,4336.66666666667,0.2,1,4725.25,4725.25,4725.25,1,4725.25,4725.25,4725.25,1,0,0,0,0,1,1
2,96,4336.66666666667,3,21,4676.25,5435.75,113074,21,4676.25,5435.75,113074,1,0,0,0,0,1,1
2,96,5420.83333333333,0.2,1,5435.75,5435.75,5435.75,1,5435.75,5435.75,5435.75,1,0,0,0,0,1,1
2,96,5420.83333333333,3,21,5435.75,5435.75,114150.75,21,5435.75,5435.75,114150.75,1,0,0,0,0,1,1
2,96,6505,0.2,1,6505,6505,6505,1,6505,6505,6505,1,0,0,0,0,1,1
2,96,6505,3,21,6505,6505,136605,21,6505,6505,136605,1,0,0,0,0,1,1
2,-96,-178,0.2,1,-178,-178,-178,1,-178,-178,-178,1,0,0,0,0,1,1
2,-96,-178,3,21,-178,-178,-3738,21,-178,-178,-3738,1,0,0,0,0,1,1
2,-96,935.833333333333,0.2,1,-123.5,-123.5,-123.5,1,-123.5,-123.5,-123.5,1,0,0,0,0,1,1
2,-96,935.833333333333,3,21,-123.5,-123.5,-2593.5,21,-123.5,-123.5,-2593.5,1,0,0,0,0,1,1
2,-96,2049.66666666667,0.2,1,-123.5,-123.5,-123.5,1,-123.5,-123.5,-123.5,1,0,0,0,0,1,1
2,-96,2049.66666666667,3,21,-123.5,-123.5,-2593.5,21,-123.5,-123.5,-2593.5,1,0,0,0,0,1,1
2,-96,3163.5,0.2,1,-123.5,-123.5,-123.5,1,-123.5,-123.5,-123.5,1,0,0,0,0,1,1
2,-96,3163.5,3,21,-82.25,-123.5,-2552.25,21,-82.25,-123.5,-2552.25,1,0,0,0,0,1,1
2,-96,4277.33333333333,0.2,1,-123.5,-123.5,-123.5,1,-123.5,-123.5,-123.5,1,0,0,0,0,1,1
2,-96,4277.33333333333,3,21,520.25,-123.5,-1949.75,21,520.25,-123.5,-1949.75,1,0,0,0,0,1,1
2,-96,5391.16666666667,0.2,1,339,339,339,1,339,339,339,1,0,0,0,0,1,1
2,-96,5391.16666666667,3,21,1482.25,-123.5,-987.75,21,1482.25,-123.5,-987.75,1,0,0,0,0,1,1
2,-96,6505,0.2,1,459.5,459.5,459.5,1,459.5,459.5,459.5,1,0,0,0,0,1,1
2,-96,6505,3,21,1712.25,-123.5,-757.75,21,1712.25,-123.5,-757.75,1,0,0,0,0,1,1
2,128,0,0.2,1,5522.66666666667,5522.66666666667,5522.66666666667,1,5522.66666666667,5522.66666666667,5522.66666666667,1,0,0,0,0,1,1
2,128,0,3,21,4300.66666666667,6113.83333333333,126453.166666667,21,4300.66666666667,6113.83333333333,126453.166666667,1,0,0,1.45519152283669e-11,1.45519152283669e-11,1,1
2,128,1106.33333333333,0.2,1,5900,5900,5900,1,5900,5900,5900,1,0,0,0,0,1,1
2,128,1106.33333333333,3,21,5161.83333333333,6113.83333333333,127346.5,21,5161.83333333333,6113.83333333333,127346.5,1,0,0,1.45519152283669e-11,1.45519152283669e-11,1,1
2,128,2212.66666666667,0.2,1,5995.33333333333,5995.33333333333,5995.33333333333,1,5995.33333333333,5995.33333333333,5995.33333333333,1,0,0,0,0,1,1
2,128,2212.66666666667,3,21,5708.83333333333,6113.83333333333,127910.666666667,21,5708.83333333333,6113.83333333333,127910.666666667,1,0,0,1.45519152283669e-11,1.45519152283669e-11,1,1
2,128,3319,0.2,1,6034.66666666667,6034.66666666667,6034.66666666667,1,6034.66666666667,6034.66666666667,6034.66666666667,1,0,0,0,0,1,1
2,128,3319,3,21,5934.5,6113.83333333333,128171.666666667,21,5934.5,6113.83333333333,128171.666666667,1,0,0,1.45519152283669e-11,1.45519152283669e-11,1,1
2,128,4425.33333333333,0.2,1,6041,6041,6041,1,6041,6041,6041,1,0,0,0,0,1,1
2,128,4425.33333333333,3,21,6030.5,6113.83333333333,128277.5,21,6030.5,6113.83333333333,128277.5,1,0,0,1.45519152283669e-11,1.45519152283669e-11,1,1
2,128,5531.66666666667,0.2,1,6082.5,6082.5,6082.5,1,6082.5,6082.5,6082.5,1,0,0,0,0,1,1
2,128,5531.66666666667,3,21,6038.16666666667,6113.83333333333,128305.666666667,21,6038.16666666667,6113.83333333333,128305.666666667,1,0,0,1.45519152283669e-11,1.45519152283669e-11,1,1
2,128,6638,0.2,1,6638,6638,6638,1,6638,6638,6638,1,0,0,0,0,1,1
2,128,6638,3,21,6638,6638,139398,21,6638,6638,139398,1,0,0,0,0,1,1
2,-128,-278,0.2,1,-278,-278,-278,1,-278,-278,-278,1,0,0,0,0,1,1
2,-128,-278,3,21,-278,-278,-5838,21,-278,-278,-5838,1,0,0,0,0,1,1
2,-128,874.666666666667,0.2,1,-223.5,-223.5,-223.5,1,-223.5,-223.5,-223.5,1,0,0,0,0,1,1
2,-128,874.666666666667,3,21,-223.5,-223.5,-4693.5,21,-223.5,-223.5,-4693.5,1,0,0,0,0,1,1
2,-128,2027.33333333333,0.2,1,-223.5,-223.5,-223.5,1,-223.5,-223.5,-223.5,1,0,0,0,0,1,1
2,-128,2027.33333333333,3,21,-223.5,-223.5,-4693.5,21,-223.5,-223.5,-4693.5,1,0,0,0,0,1,1
2,-128,3180,0.2,1,-223.5,-223.5,-223.5,1,-223.5,-223.5,-223.5,1,0,0,0,0,1,1
2,-128,3180,3,21,-223.5,-223.5,-4693.5,21,-223.5,-223.5,-4693.5,1,0,0,0,0,1,1
2,-128,4332.66666666667,0.2,1,-223.5,-223.5,-223.5,1,-223.5,-223.5,-223.5,1,0,0,0,0,1,1
2,-128,4332.66666666667,3,21,-150.5,-223.5,-4620.5,21,-150.5,-223.5,-4620.5,1,0,0,0,0,1,1
2,-128,5485.33333333333,0.2,1,-223.5,-223.5,-223.5,1,-223.5,-223.5,-223.5,1,0,0,0,0,1,1
2,-128,5485.33333333333,3,21,556.666666666667,-223.5,-3913.33333333333,21,556.666666666667,-223.5,-3913.33333333333,1,0,0,0,0,1,1
2,-128,6638,0.2,1,-104,-104,-104,1,-104,-104,-104,1,0,0,0,0,1,1
2,-128,6638,3,21,1363.16666666667,-223.5,-3106.83333333333,21,1363.16666666667,-223.5,-3106.83333333333,1,0,0,0,0,1,1
2,160,0,0.2,1,6205.6,6205.6,6205.6,1,6205.6,6205.6,6205.6,1,0,0,0,0,1,1
2,160,0,3,21,5226.4,6482.8,134842.6,21,5226.4,6482.8,134842.6,1,0,0,2.91038304567337e-11,2.91038304567337e-11,1,1
2,160,1109.66666666667,0.2,1,6329.8,6329.8,6329.8,1,6329.8,6329.8,6329.8,1,0,0,0,0,1,1
2,160,1109.66666666667,3,21,5975.6,6482.8,135597.8,21,5975.6,6482.8,135597.8,1,0,0,2.91038304567337e-11,2.91038304567337e-11,1,1
2,160,2219.33333333333,0.2,1,6401.6,6401.6,6401.6,1,6401.6,6401.6,6401.6,1,0,0,0,0,1,1
2,160,2219.33333333333,3,21,6217.4,6482.8,135856,21,6217.4,6482.8,135856,1,0,0,2.91038304567337e-11,2.91038304567337e-11,1,1
2,160,3329,0.2,1,6443.6,6443.6,6443.6,1,6443.6,6443.6,6443.6,1,0,0,0,0,1,1
2,160,3329,3,21,6320.6,6482.8,135970.4,21,6320.6,6482.8,135970.4,1,0,0,2.91038304567337e-11,2.91038304567337e-11,1,1
2,160,4438.66666666667,0.2,1,6448.2,6448.2,6448.2,1,6448.2,6448.2,6448.2,1,0,0,0,0,1,1
2,160,4438.66666666667,3,21,6405.8,6482.8,136061.6,21,6405.8,6482.8,136061.6,1,0,0,2.91038304567337e-11,2.91038304567337e-11,1,1
2,160,5548.33333333333,0.2,1,6466.2,6466.2,6466.2,1,6466.2,6466.2,6466.2,1,0,0,0,0,1,1
2,160,5548.33333333333,3,21,6444.4,6482.8,136100.4,21,6444.4,6482.8,136100.4,1,0,0,2.91038304567337e-11,2.91038304567337e-11,1,1
2,160,6658,0.2,1,6658,6658,6658,1,6658,6658,6658,1,0,0,0,0,1,1
2,160,6658,3,21,6658,6658,139818,21,6658,6658,139818,1,0,0,0,0,1,1
2,-160,-420,0.2,1,-420,-420,-420,1,-420,-420,-420,1,0,0,0,0,1,1
2,-160,-420,3,21,-420,-420,-8820,21,-420,-420,-8820,1,0,0,0,0,1,1
2,-160,759.666666666667,0.2,1,-300.4,-300.4,-300.4,1,-300.4,-300.4,-300.4,1,0,0,0,0,1,1
2,-160,759.666666666667,3,21,-300.4,-300.4,-6308.4,21,-300.4,-300.4,-6308.4,1,0,0,0,0,1,1
2,-160,1939.33333333333,0.2,1,-300.4,-300.4,-300.4,1,-300.4,-300.4,-300.4,1,0,0,0,0,1,1
2,-160,1939.33333333333,3,21,-300.4,-300.4,-6308.4,21,-300.4,-300.4,-6308.4,1,0,0,0,0,1,1
2,-160,3119,0.2,1,-300.4,-300.4,-300.4,1,-300.4,-300.4,-300.4,1,0,0,0,0,1,1
2,-160,3119,3,21,-300.4,-300.4,-6308.4,21,-300.4,-300.4,-6308.4,1,0,0,0,0,1,1
2,-160,4298.66666666667,0.2,1,-300.4,-300.4,-300.4,1,-300.4,-300.4,-300.4,1,0,0,0,0,1,1
2,-160,4298.66666666667,3,21,-300.4,-300.4,-6308.4,21,-300.4,-300.4,-6308.4,1,0,0,0,0,1,1
2,-160,5478.33333333333,0.2,1,-300.4,-300.4,-300.4,1,-300.4,-300.4,-300.4,1,0,0,0,0,1,1
2,-160,5478.33333333333,3,21,-201,-300.4,-6209,21,-201,-300.4,-6209,1,0,0,0,0,1,1
2,-160,6658,0.2,1,-300.4,-300.4,-300.4,1,-300.4,-300.4,-300.4,1,0,0,0,0,1,1
2,-160,6658,3,21,754.4,-300.4,-5253.6,21,754.4,-300.4,-5253.6,1,0,0,9.09494701772928e-13,9.09494701772928e-13,1,1
2,192,0,0.2,1,6521,6521,6521,1,6521,6521,6521,1,0,0,0,0,1,1
2,192,0,3,21,5618.66666666667,6521,136038.666666667,21,5618.66666666667,6521,136038.666666667,1,0,0,0,0,1,1
2,192,1087.5,0.2,1,6521,6521,6521,1,6521,6521,6521,1,0,0,0,0,1,1
2,192,1087.5,3,21,6358.33333333333,6521,136778.333333333,21,6358.33333333333,6521,136778.333333333,1,0,0,0,0,1,1
2,192,2175,0.2,1,6521,6521,6521,1,6521,6521,6521,1,0,0,0,0,1,1
2,192,2175,3,21,6521,6521,136941,21,6521,6521,136941,1,0,0,0,0,1,1
2,192,3262.5,0.2,1,6521,6521,6521,1,6521,6521,6521,1,0,0,0,0,1,1
2,192,3262.5,3,21,6521,6521,136941,21,6521,6521,136941,1,0,0,0,0,1,1
2,192,4350,0.2,1,6521,6521,6521,1,6521,6521,6521,1,0,0,0,0,1,1
2,192,4350,3,21,6521,6521,136941,21,6521,6521,136941,1,0,0,0,0,1,1
2,192,5437.5,0.2,1,6521,6521,6521,1,6521,6521,6521,1,0,0,0,0,1,1
2,192,5437.5,3,21,6521,6521,136941,21,6521,6521,136941,1,0,0,0,0,1,1
2,192,6525,0.2,1,6525,6525,6525,1,6525,6525,6525,1,0,0,0,0,1,1
2,192,6525,3,21,6525,6525,137025,21,6525,6525,137025,1,0,0,0,0,1,1
2,-192,-427,0.2,1,-427,-427,-427,1,-427,-427,-427,1,0,0,0,0,1,1
2,-192,-427,3,21,-427,-427,-8967,21,-427,-427,-8967,1,0,0,0,0,1,1
2,-192,731.5,0.2,1,-363.75,-363.75,-363.75,1,-363.75,-363.75,-363.75,1,0,0,0,0,1,1
2,-192,731.5,3,21,-363.75,-363.75,-7638.75,21,-363.75,-363.75,-7638.75,1,0,0,0,0,1,1
2,-192,1890,0.2,1,-363.75,-363.75,-363.75,1,-363.75,-363.75,-363.75,1,0,0,0,0,1,1
2,-192,1890,3,21,-363.75,-363.75,-7638.75,21,-363.75,-363.75,-7638.75,1,0,0,0,0,1,1
2,-192,3048.5,0.2,1,-363.75,-363.75,-363.75,1,-363.75,-363.75,-363.75,1,0,0,0,0,1,1
2,-192,3048.5,3,21,-363.75,-363.75,-7638.75,21,-363.75,-363.75,-7638.75,1,0,0,0,0,1,1
2,-192,4207,0.2,1,-363.75,-363.75,-363.75,1,-363.75,-363.75,-363.75,1,0,0,0,0,1,1
2,-192,4207,3,21,-363.75,-363.75,-7638.75,21,-363.75,-363.75,-7638.75,1,0,0,0,0,1,1
2,-192,5365.5,0.2,1,-363.75,-363.75,-363.75,1,-363.75,-363.75,-363.75,1,0,0,0,0,1,1
2,-192,5365.5,3,21,-363.75,-363.75,-7638.75,21,-363.75,-363.75,-7638.75,1,0,0,0,0,1,1
2,-192,6524,0.2,1,-363.75,-363.75,-363.75,1,-363.75,-363.75,-363.75,1,0,0,0,0,1,1
2,-192,6524,3,21,-85.25,-363.75,-7360.25,21,-85.25,-363.75,-7360.25,1,0,0,0,0,1,1
2,224,0,0.2,1,6596.83333333333,6596.83333333333,6596.83333333333,1,6596.83333333333,6596.83333333333,6596.83333333333,1,0,0,0,0,1,1
2,224,0,3,21,6126.5,6596.83333333333,138063.166666667,21,6126.5,6596.83333333333,138063.166666667,1,0,0,0,0,1,1
2,224,1123.33333333333,0.2,1,6596.83333333333,6596.83333333333,6596.83333333333,1,6596.83333333333,6596.83333333333,6596.83333333333,1,0,0,0,0,1,1
2,224,1123.33333333333,3,21,6595.5,6596.83333333333,138532.166666667,21,6595.5,6596.83333333333,138532.166666667,1,0,0,2.91038304567337e-11,2.91038304567337e-11,1,1
2,224,2246.66666666667,0.2,1,6596.83333333333,6596.83333333333,6596.83333333333,1,6596.83333333333,6596.83333333333,6596.83333333333,1,0,0,0,0,1,1
2,224,2246.66666666667,3,21,6596.83333333333,6596.83333333333,138533.5,21,6596.83333333333,6596.83333333333,138533.5,1,0,0,2.91038304567337e-11,2.91038304567337e-11,1,1
2,224,3370,0.2,1,6596.83333333333,6596.83333333333,6596.83333333333,1,6596.83333333333,6596.83333333333,6596.83333333333,1,0,0,0,0,1,1
2,224,3370,3,21,6596.83333333333,6596.83333333333,138533.5,21,6596.83333333333,6596.83333333333,138533.5,1,0,0,2.91038304567337e-11,2.91038304567337e-11,1,1
2,224,4493.33333333333,0.2,1,6596.83333333333,6596.83333333333,6596.83333333333,1,6596.83333333333,6596.83333333333,6596.83333333333,1,0,0,0,0,1,1
2,224,4493.33333333333,3,21,6596.83333333333,6596.83333333333,138533.5,21,6596.83333333333,6596.83333333333,138533.5,1,0,0,2.91038304567337e-11,2.91038304567337e-11,1,1
2,224,5616.66666666667,0.2,1,6596.83333333333,6596.83333333333,6596.83333333333,1,6596.83333333333,6596.83333333333,6596.83333333333,1,0,0,0,0,1,1
2,224,5616.66666666667,3,21,6596.83333333333,6596.83333333333,138533.5,21,6596.83333333333,6596.83333333333,138533.5,1,0,0,2.91038304567337e-11,2.91038304567337e-11,1,1
2,224,6740,0.2,1,6740,6740,6740,1,6740,6740,6740,1,0,0,0,0,1,1
2,224,6740,3,21,6740,6740,141540,21,6740,6740,141540,1,0,0,0,0,1,1
2,-224,-438,0.2,1,-438,-438,-438,1,-438,-438,-438,1,0,0,0,0,1,1
2,-224,-438,3,21,-438,-438,-9198,21,-438,-438,-9198,1,0,0,0,0,1,1
2,-224,758.333333333333,0.2,1,-394,-394,-394,1,-394,-394,-394,1,0,0,0,0,1,1
2,-224,758.333333333333,3,21,-394,-394,-8274,21,-394,-394,-8274,1,0,0,0,0,1,1
2,-224,1954.66666666667,0.2,1,-394,-394,-394,1,-394,-394,-394,1,0,0,0,0,1,1
2,-224,1954.66666666667,3,21,-394,-394,-8274,21,-394,-394,-8274,1,0,0,0,0,1,1
2,-224,3151,0.2,1,-394,-394,-394,1,-394,-394,-394,1,0,0,0,0,1,1
2,-224,3151,3,21,-394,-394,-8274,21,-394,-394,-8274,1,0,0,0,0,1,1
2,-224,4347.33333333333,0.2,1,-394,-394,-394,1,-394,-394,-394,1,0,0,0,0,1,1
2,-224,4347.33333333333,3,21,-394,-394,-8274,21,-394,-394,-8274,1,0,0,0,0,1,1
2,-224,5543.66666666667,0.2,1,-394,-394,-394,1,-394,-394,-394,1,0,0,0,0,1,1
2,-224,5543.66666666667,3,21,-394,-394,-8274,21,-394,-394,-8274,1,0,0,0,0,1,1
2,-224,6740,0.2,1,-394,-394,-394,1,-394,-394,-394,1,0,0,0,0,1,1
2,-224,6740,3,21,-313.333333333333,-394,-8193.33333333333,21,-313.333333333333,-394,-8193.33333333333,1,0,0,0,0,1,1
2,255,0,0.2,1,6665.16666666667,6665.16666666667,6665.16666666667,1,6665.16666666667,6665.16666666667,6665.16666666667,1,0,0,0,0,1,1
2,255,0,3,21,6538,6665.16666666667,139841.333333333,21,6538,6665.16666666667,139841.333333333,1,0,0,2.91038304567337e-11,2.91038304567337e-11,1,1
2,255,1136.83333333333,0.2,1,6665.16666666667,6665.16666666667,6665.16666666667,1,6665.16666666667,6665.16666666667,6665.16666666667,1,0,0,0,0,1,1
2,255,1136.83333333333,3,21,6665.16666666667,6665.16666666667,139968.5,21,6665.16666666667,6665.16666666667,139968.5,1,0,0,2.91038304567337e-11,2.91038304567337e-11,1,1
2,255,2273.66666666667,0.2,1,6665.16666666667,6665.16666666667,6665.16666666667,1,6665.16666666667,6665.16666666667,6665.16666666667,1,0,0,0,0,1,1
2,255,2273.66666666667,3,21,6665.16666666667,6665.16666666667,139968.5,21,6665.16666666667,6665.16666666667,139968.5,1,0,0,2.91038304567337e-11,2.91038304567337e-11,1,1
2,255,3410.5,0.2,1,6665.16666666667,6665.16666666667,6665.16666666667,1,6665.16666666667,6665.16666666667,6665.16666666667,1,0,0,0,0,1,1
2,255,3410.5,3,21,6665.16666666667,6665.16666666667,139968.5,21,6665.16666666667,6665.16666666667,139968.5,1,0,0,2.91038304567337e-11,2.91038304567337e-11,1,1
2,255,4547.33333333333,0.2,1,6665.16666666667,6665.16666666667,6665.16666666667,1,6665.16666666667,6665.16666666667,6665.16666666667,1,0,0,0,0,1,1
2,255,4547.33333333333,3,21,6665.16666666667,6665.16666666667,139968.5,21,6665.16666666667,6665.16666666667,139968.5,1,0,0,2.91038304567337e-11,2.91038304567337e-11,1,1
2,255,5684.16666666667,0.2,1,6665.16666666667,6665.16666666667,6665.16666666667,1,6665.16666666667,6665.16666666667,6665.16666666667,1,0,0,0,0,1,1
2,255,5684.16666666667,3,21,6665.16666666667,6665.16666666667,139968.5,21,6665.16666666667,6665.16666666667,139968.5,1,0,0,2.91038304567337e-11,2.91038304567337e-11,1,1
2,255,6821,0.2,1,6821,6821,6821,1,6821,6821,6821,1,0,0,0,0,1,1
2,255,6821,3,21,6821,6821,143241,21,6821,6821,143241,1,0,0,0,0,1,1
2,-255,-477,0.2,1,-477,-477,-477,1,-477,-477,-477,1,0,0,0,0,1,1
2,-255,-477,3,21,-477,-477,-10017,21,-477,-477,-10017,1,0,0,0,0,1,1
2,-255,739.333333333333,0.2,1,-437.333333333333,-437.333333333333,-437.333333333333,1,-437.333333333333,-437.333333333333,-437.333333333333,1,0,0,0,0,1,1
2,-255,739.333333333333,3,21,-437.333333333333,-437.333333333333,-9184,21,-437.333333333333,-437.333333333333,-9184,1,0,0,0,0,1,1
2,-255,1955.66666666667,0.2,1,-437.333333333333,-437.333333333333,-437.333333333333,1,-437.333333333333,-437.333333333333,-437.333333333333,1,0,0,0,0,1,1
2,-255,1955.66666666667,3,21,-437.333333333333,-437.333333333333,-9184,21,-437.333333333333,-437.333333333333,-9184,1,0,0,0,0,1,1
2,-255,3172,0.2,1,-437.333333333333,-437.333333333333,-437.333333333333,1,-437.333333333333,-437.333333333333,-437.333333333333,1,0,0,0,0,1,1
2,-255,3172,3,21,-437.333333333333,-437.333333333333,-9184,21,-437.333333333333,-437.333333333333,-9184,1,0,0,0,0,1,1
2,-255,4388.33333333333,0.2,1,-437.333333333333,-437.333333333333,-437.333333333333,1,-437.333333333333,-437.333333333333,-437.333333333333,1,0,0,0,0,1,1
2,-255,4388.33333333333,3,21,-437.333333333333,-437.333333333333,-9184,21,-437.333333333333,-437.333333333333,-9184,1,0,0,0,0,1,1
2,-255,5604.66666666667,0.2,1,-437.333333333333,-437.333333333333,-437.333333333333,1,-437.333333333333,-437.333333333333,-437.333333333333,1,0,0,0,0,1,1
2,-255,5604.66666666667,3,21,-437.333333333333,-437.333333333333,-9184,21,-437.333333333333,-437.333333333333,-9184,1,0,0,0,0,1,1
2,-255,6821,0.2,1,-437.333333333333,-437.333333333333,-437.333333333333,1,-437.333333333333,-437.333333333333,-437.333333333333,1,0,0,0,0,1,1
2,-255,6821,3,21,-433.5,-437.333333333333,-9180.16666666667,21,-433.5,-437.333333333333,-9180.16666666667,1,0,0,1.81898940354586e-12,1.81898940354586e-12,1,1
3,64,0,0.2,1,3181.66666666667,3181.66666666667,3181.66666666667,1,3181.66666666667,3181.66666666667,3181.66666666667,1,0,0,0,0,1,1
3,64,0,3,21,2222.33333333333,4524.33333333333,89726,21,2222.33333333333,4524.33333333333,89726,1,0,0,0,0,1,1
3,64,779.5,0.2,1,3807.66666666667,3807.66666666667,3807.66666666667,1,3807.66666666667,3807.66666666667,3807.66666666667,1,0,0,0,0,1,1
3,64,779.5,3,21,3211.66666666667,4524.33333333333,91015.3333333333,21,3211.66666666667,4524.33333333333,91015.3333333333,1,0,0,1.45519152283669e-11,1.45519152283669e-11,1,1
3,64,1559,0.2,1,4042,4042,4042,1,4042,4042,4042,1,0,0,0,0,1,1
3,64,1559,3,21,3732.33333333333,4524.33333333333,91696,21,3732.33333333333,4524.33333333333,91696,1,0,0,1.45519152283669e-11,1.45519152283669e-11,1,1
3,64,2338.5,0.2,1,4150,4150,4150,1,4150,4150,4150,1,0,0,0,0,1,1
3,64,2338.5,3,21,3986,4524.33333333333,92085.3333333333,21,3986,4524.33333333333,92085.3333333333,1,0,0,2.91038304567337e-11,2.91038304567337e-11,1,1
3,64,3118,0.2,1,4158,4158,4158,1,4158,4158,4158,1,0,0,0,0,1,1
3,64,3118,3,21,4139.33333333333,4524.33333333333,92297.6666666666,21,4139.33333333333,4524.33333333333,92297.6666666667,1,0,0,1.45519152283669e-11,1.45519152283669e-11,1,1
3,64,3897.5,0.2,1,4172,4172,4172,1,4172,4172,4172,1,0,0,0,0,1,1
3,64,3897.5,3,21,4160.33333333333,4524.33333333333,92560,21,4160.33333333333,4524.33333333333,92560,1,0,0,1.45519152283669e-11,1.45519152283669e-11,1,1
3,64,4677,0.2,1,4677,4677,4677,1,4677,4677,4677,1,0,0,0,0,1,1
3,64,4677,3,21,4677,4677,98217,21,4677,4677,98217,1,0,0,0,0,1,1
3,-64,-112,0.2,1,-112,-112,-112,1,-112,-112,-112,1,0,0,0,0,1,1
3,-64,-112,3,21,-112,-112,-2352,21,-112,-112,-2352,1,0,0,0,0,1,1
3,-64,1017.33333333333,0.2,1,-15,-15,-15,1,-15,-15,-15,1,0,0,0,0,1,1
3,-64,1017.33333333333,3,21,-14.3333333333333,-21.6666666666667,-443.333333333333,21,-14.3333333333333,-21.6666666666667,-443.333333333333,1,0,0,0,0,1,1
3,-64,2146.66666666667,0.2,1,-14.3333333333333,-14.3333333333333,-14.3333333333333,1,-14.3333333333333,-14.3333333333333,-14.3333333333333,1,0,0,0,0,1,1
3,-64,2146.66666666667,3,21,10,-21.6666666666667,-415,21,10,-21.6666666666667,-415,1,0,0,0,0,1,1
3,-64,3276,0.2,1,4.66666666666667,4.66666666666667,4.66666666666667,1,4.66666666666667,4.66666666666667,4.66666666666667,1,0,0,0,0,1,1
3,-64,3276,3,21,721.333333333333,-21.6666666666667,298.666666666667,21,721.333333333333,-21.6666666666667,298.666666666667,1,0,0,1.70530256582424e-13,1.70530256582424e-13,1,1
3,-64,4405.33333333333,0.2,1,706.333333333333,706.333333333333,706.333333333333,1,706.333333333333,706.333333333333,706.333333333333,1,0,0,0,0,1,1
3,-64,4405.33333333333,3,21,1608,-21.6666666666667,1188.66666666667,21,1608,-21.6666666666667,1188.66666666667,1,0,0,6.82121026329696e-13,6.82121026329696e-13,1,1
3,-64,5534.66666666667,0.2,1,1541.66666666667,1541.66666666667,1541.66666666667,1,1541.66666666667,1541.66666666667,1541.66666666667,1,0,0,0,0,1,1
3,-64,5534.66666666667,3,21,2560.33333333333,-21.6666666666667,2387.33333333333,21,2560.33333333333,-21.6666666666667,2387.33333333334,1,0,0,2.27373675443232e-12,2.27373675443232e-12,1,1
3,-64,6664,0.2,1,1541.66666666667,1541.66666666667,1541.66666666667,1,1541.66666666667,1541.66666666667,1541.66666666667,1,0,0,0,0,1,1
3,-64,6664,3,21,2560.33333333333,-21.6666666666667,2387.33333333333,21,2560.33333333333,-21.6666666666667,2387.33333333334,1,0,0,2.27373675443232e-12,2.27373675443232e-12,1,1
3,96,0,0.2,1,3427.75,3427.75,3427.75,1,3427.75,3427.75,3427.75,1,0,0,0,0,1,1
3,96,0,3,21,3028,4944.5,96483.5,21,3028,4944.5,96483.5,1,0,0,0,0,1,1
3,96,1012.83333333333,0.2,1,3524.25,3524.25,3524.25,1,3524.25,3524.25,3524.25,1,0,0,0,0,1,1
3,96,1012.83333333333,3,21,3389.5,4944.5,97573.5,21,3389.5,4944.5,97573.5,1,0,0,0,0,1,1
3,96,2025.66666666667,0.2,1,3599.5,3599.5,3599.5,1,3599.5,3599.5,3599.5,1,0,0,0,0,1,1
3,96,2025.66666666667,3,21,3494.5,4944.5,97880,21,3494.5,4944.5,97880,1,0,0,0,0,1,1
3,96,3038.5,0.2,1,3705.75,3705.75,3705.75,1,3705.75,3705.75,3705.75,1,0,0,0,0,1,1
3,96,3038.5,3,21,3615.25,4944.5,98415.75,21,3615.25,4944.5,98415.75,1,0,0,0,0,1,1
3,96,4051.33333333333,0.2,1,4553.5,4553.5,4553.5,1,4553.5,4553.5,4553.5,1,0,0,0,0,1,1
3,96,4051.33333333333,3,21,4467.25,4944.5,103177.75,21,4467.25,4944.5,103177.75,1,0,0,0,0,1,1
3,96,5064.16666666667,0.2,1,5064.16666666667,5064.16666666667,5064.16666666667,1,5064.16666666667,5064.16666666667,5064.16666666667,1,0,0,0,0,1,1
3,96,5064.16666666667,3,21,5064.16666666667,5064.16666666667,106347.5,21,5064.16666666667,5064.16666666667,106347.5,1,0,0,0,0,1,1
3,96,6077,0.2,1,6077,6077,6077,1,6077,6077,6077,1,0,0,0,0,1,1
3,96,6077,3,21,6077,6077,127617,21,6077,6077,127617,1,0,0,0,0,1,1
3,-96,-308,0.2,1,-308,-308,-308,1,-308,-308,-308,1,0,0,0,0,1,1
3,-96,-308,3,21,-308,-308,-6468,21,-308,-308,-6468,1,0,0,0,0,1,1
3,-96,784.833333333333,0.2,1,-266,-266,-266,1,-266,-266,-266,1,0,0,0,0,1,1
3,-96,784.833333333333,3,21,-266,-266,-5586,21,-266,-266,-5586,1,0,0,0,0,1,1
3,-96,1877.66666666667,0.2,1,-266,-266,-266,1,-266,-266,-266,1,0,0,0,0,1,1
3,-96,1877.66666666667,3,21,-266,-266,-5586,21,-266,-266,-5586,1,0,0,0,0,1,1
3,-96,2970.5,0.2,1,-266,-266,-266,1,-266,-266,-266,1,0,0,0,0,1,1
3,-96,2970.5,3,21,-266,-266,-5586,21,-266,-266,-5586,1,0,0,0,0,1,1
3,-96,4063.33333333333,0.2,1,-266,-266,-266,1,-266,-266,-266,1,0,0,0,0,1,1
3,-96,4063.33333333333,3,21,-250.5,-266,-5570.5,21,-250.5,-266,-5570.5,1,0,0,0,0,1,1
3,-96,5156.16666666667,0.2,1,-266,-266,-266,1,-266,-266,-266,1,0,0,0,0,1,1
3,-96,5156.16666666667,3,21,402.75,-266,-4917.25,21,402.75,-266,-4917.25,1,0,0,0,0,1,1
3,-96,6249,0.2,1,-238.25,-238.25,-238.25,1,-238.25,-238.25,-238.25,1,0,0,0,0,1,1
3,-96,6249,3,21,1286.5,-266,-4033.5,21,1286.5,-266,-4033.5,1,0,0,0,0,1,1
3,128,0,0.2,1,6414.83333333333,6414.83333333333,6414.83333333333,1,6414.83333333333,6414.83333333333,6414.83333333333,1,0,0,0,0,1,1
3,128,0,3,21,4805.16666666667,7347.83333333333,151633.333333333,21,4805.16666666667,7347.83333333333,151633.333333333,1,0,0,2.91038304567337e-11,2.91038304567337e-11,1,1
3,128,1306.33333333333,0.2,1,7062.5,7062.5,7062.5,1,7062.5,7062.5,7062.5,1,0,0,0,0,1,1
3,128,1306.33333333333,3,21,6056.83333333333,7347.83333333333,152949.333333333,21,6056.83333333333,7347.83333333333,152949.333333333,1,0,0,2.91038304567337e-11,2.91038304567337e-11,1,1
3,128,2612.66666666667,0.2,1,7220,7220,7220,1,7220,7220,7220,1,0,0,0,0,1,1
3,128,2612.66666666667,3,21,6850.33333333333,7347.83333333333,153774,21,6850.33333333333,7347.83333333333,153774,1,0,0,2.91038304567337e-11,2.91038304567337e-11,1,1
3,128,3919,0.2,1,7274.33333333333,7274.33333333333,7274.33333333333,1,7274.33333333333,7274.33333333333,7274.33333333333,1,0,0,0,0,1,1
3,128,3919,3,21,7158,7347.83333333333,154093.666666667,21,7158,7347.83333333333,154093.666666667,1,0,0,2.91038304567337e-11,2.91038304567337e-11,1,1
3,128,5225.33333333333,0.2,1,7320.83333333333,7320.83333333333,7320.83333333333,1,7320.83333333333,7320.83333333333,7320.83333333333,1,0,0,0,0,1,1
3,128,5225.33333333333,3,21,7253.83333333333,7347.83333333333,154197.166666667,21,7253.83333333333,7347.83333333333,154197.166666667,1,0,0,2.91038304567337e-11,2.91038304567337e-11,1,1
3,128,6531.66666666667,0.2,1,7328.16666666667,7328.16666666667,7328.16666666667,1,7328.16666666667,7328.16666666667,7328.16666666667,1,0,0,0,0,1,1
3,128,6531.66666666667,3,21,7319.5,7347.83333333333,154264.166666667,21,7319.5,7347.83333333333,154264.166666667,1,0,0,2.91038304567337e-11,2.91038304567337e-11,1,1
3,128,7838,0.2,1,7838,7838,7838,1,7838,7838,7838,1,0,0,0,0,1,1
3,128,7838,3,21,7838,7838,164598,21,7838,7838,164598,1,0,0,0,0,1,1
3,-128,-532,0.2,1,-532,-532,-532,1,-532,-532,-532,1,0,0,0,0,1,1
3,-128,-532,3,21,-532,-532,-11172,21,-532,-532,-11172,1,0,0,0,0,1,1
3,-128,863,0.2,1,-453.5,-453.5,-453.5,1,-453.5,-453.5,-453.5,1,0,0,0,0,1,1
3,-128,863,3,21,-453.5,-453.5,-9523.5,21,-453.5,-453.5,-9523.5,1,0,0,0,0,1,1
3,-128,2258,0.2,1,-453.5,-453.5,-453.5,1,-453.5,-453.5,-453.5,1,0,0,0,0,1,1
3,-128,2258,3,21,-453.5,-453.5,-9523.5,21,-453.5,-453.5,-9523.5,1,0,0,0,0,1,1
3,-128,3653,0.2,1,-453.5,-453.5,-453.5,1,-453.5,-453.5,-453.5,1,0,0,0,0,1,1
3,-128,3653,3,21,-453.5,-453.5,-9523.5,21,-453.5,-453.5,-9523.5,1,0,0,0,0,1,1
3,-128,5048,0.2,1,-453.5,-453.5,-453.5,1,-453.5,-453.5,-453.5,1,0,0,0,0,1,1
3,-128,5048,3,21,-259.5,-453.5,-9329.5,21,-259.5,-453.5,-9329.5,1,0,0,0,0,1,1
3,-128,6443,0.2,1,-450.5,-450.5,-450.5,1,-450.5,-450.5,-450.5,1,0,0,0,0,1,1
3,-128,6443,3,21,688.333333333333,-453.5,-8381.66666666667,21,688.333333333333,-453.5,-8381.66666666667,1,0,0,0,0,1,1
3,-128,7838,0.2,1,-73.5,-73.5,-73.5,1,-73.5,-73.5,-73.5,1,0,0,0,0,1,1
3,-128,7838,3,21,1810.33333333333,-453.5,-7259.66666666667,21,1810.33333333333,-453.5,-7259.66666666667,1,0,0,0,0,1,1
3,160,0,0.2,1,7464.4,7464.4,7464.4,1,7464.4,7464.4,7464.4,1,0,0,0,0,1,1
3,160,0,3,21,5759.4,7661.2,158932.2,21,5759.4,7661.2,158932.2,1,0,0,2.91038304567337e-11,2.91038304567337e-11,1,1
3,160,1317.16666666667,0.2,1,7556.2,7556.2,7556.2,1,7556.2,7556.2,7556.2,1,0,0,0,0,1,1
3,160,1317.16666666667,3,21,7209.2,7661.2,160390,21,7209.2,7661.2,160390,1,0,0,2.91038304567337e-11,2.91038304567337e-11,1,1
3,160,2634.33333333333,0.2,1,7603.8,7603.8,7603.8,1,7603.8,7603.8,7603.8,1,0,0,0,0,1,1
3,160,2634.33333333333,3,21,7494.2,7661.2,160687.8,21,7494.2,7661.2,160687.8,1,0,0,0,0,1,1
3,160,3951.5,0.2,1,7618,7618,7618,1,7618,7618,7618,1,0,0,0,0,1,1
3,160,3951.5,3,21,7563.8,7661.2,160769.4,21,7563.8,7661.2,160769.4,1,0,0,2.91038304567337e-11,2.91038304567337e-11,1,1
3,160,5268.66666666667,0.2,1,7618.2,7618.2,7618.2,1,7618.2,7618.2,7618.2,1,0,0,0,0,1,1
3,160,5268.66666666667,3,21,7609.4,7661.2,160818.6,21,7609.4,7661.2,160818.6,1,0,0,2.91038304567337e-11,2.91038304567337e-11,1,1
3,160,6585.83333333333,0.2,1,7638.8,7638.8,7638.8,1,7638.8,7638.8,7638.8,1,0,0,0,0,1,1
3,160,6585.83333333333,3,21,7618,7661.2,160841.4,21,7618,7661.2,160841.4,1,0,0,2.91038304567337e-11,2.91038304567337e-11,1,1
3,160,7903,0.2,1,7903,7903,7903,1,7903,7903,7903,1,0,0,0,0,1,1
3,160,7903,3,21,7903,7903,165963,21,7903,7903,165963,1,0,0,0,0,1,1
3,-160,-539,0.2,1,-539,-539,-539,1,-539,-539,-539,1,0,0,0,0,1,1
3,-160,-539,3,21,-539,-539,-11319,21,-539,-539,-11319,1,0,0,0,0,1,1
3,-160,868,0.2,1,-461,-461,-461,1,-461,-461,-461,1,0,0,0,0,1,1
3,-160,868,3,21,-461,-461,-9681,21,-461,-461,-9681,1,0,0,0,0,1,1
3,-160,2275,0.2,1,-461,-461,-461,1,-461,-461,-461,1,0,0,0,0,1,1
3,-160,2275,3,21,-461,-461,-9681,21,-461,-461,-9681,1,0,0,0,0,1,1
3,-160,3682,0.2,1,-461,-461,-461,1,-461,-461,-461,1,0,0,0,0,1,1
3,-160,3682,3,21,-461,-461,-9681,21,-461,-461,-9681,1,0,0,0,0,1,1
3,-160,5089,0.2,1,-461,-461,-461,1,-461,-461,-461,1,0,0,0,0,1,1
3,-160,5089,3,21,-461,-461,-9681,21,-461,-461,-9681,1,0,0,0,0,1,1
3,-160,6496,0.2,1,-461,-461,-461,1,-461,-461,-461,1,0,0,0,0,1,1
3,-160,6496,3,21,-34,-461,-9254,21,-34,-461,-9254,1,0,0,0,0,1,1
3,-160,7903,0.2,1,-453.2,-453.2,-453.2,1,-453.2,-453.2,-453.2,1,0,0,0,0,1,1
3,-160,7903,3,21,1369,-461,-7851,21,1369,-461,-7851,1,0,0,0,0,1,1
3,192,0,0.2,1,7510,7510,7510,1,7510,7510,7510,1,0,0,0,0,1,1
3,192,0,3,21,6005.66666666667,7647,158945.666666667,21,6005.66666666667,7647,158945.666666667,1,0,0,0,0,1,1
3,192,1318.66666666667,0.2,1,7647,7647,7647,1,7647,7647,7647,1,0,0,0,0,1,1
3,192,1318.66666666667,3,21,7171.66666666667,7647,160111.666666667,21,7171.66666666667,7647,160111.666666667,1,0,0,0,0,1,1
3,192,2637.33333333333,0.2,1,7647,7647,7647,1,7647,7647,7647,1,0,0,0,0,1,1
3,192,2637.33333333333,3,21,7551.66666666667,7647,160491.666666667,21,7551.66666666667,7647,160491.666666667,1,0,0,0,0,1,1
3,192,3956,0.2,1,7647,7647,7647,1,7647,7647,7647,1,0,0,0,0,1,1
3,192,3956,3,21,7647,7647,160587,21,7647,7647,160587,1,0,0,0,0,1,1
3,192,5274.66666666667,0.2,1,7647,7647,7647,1,7647,7647,7647,1,0,0,0,0,1,1
3,192,5274.66666666667,3,21,7647,7647,160587,21,7647,7647,160587,1,0,0,0,0,1,1
3,192,6593.33333333333,0.2,1,7647,7647,7647,1,7647,7647,7647,1,0,0,0,0,1,1
3,192,6593.33333333333,3,21,7647,7647,160587,21,7647,7647,160587,1,0,0,0,0,1,1
3,192,7912,0.2,1,7912,7912,7912,1,7912,7912,7912,1,0,0,0,0,1,1
3,192,7912,3,21,7912,7912,166152,21,7912,7912,166152,1,0,0,0,0,1,1
3,-192,-562,0.2,1,-562,-562,-562,1,-562,-562,-562,1,0,0,0,0,1,1
3,-192,-562,3,21,-562,-562,-11802,21,-562,-562,-11802,1,0,0,0,0,1,1
3,-192,850.333333333333,0.2,1,-442.25,-442.25,-442.25,1,-442.25,-442.25,-442.25,1,0,0,0,0,1,1
3,-192,850.333333333333,3,21,-442.25,-442.25,-9287.25,21,-442.25,-442.25,-9287.25,1,0,0,0,0,1,1
3,-192,2262.66666666667,0.2,1,-442.25,-442.25,-442.25,1,-442.25,-442.25,-442.25,1,0,0,0,0,1,1
3,-192,2262.66666666667,3,21,-442.25,-442.25,-9287.25,21,-442.25,-442.25,-9287.25,1,0,0,0,0,1,1
3,-192,3675,0.2,1,-442.25,-442.25,-442.25,1,-442.25,-442.25,-442.25,1,0,0,0,0,1,1
3,-192,3675,3,21,-442.25,-442.25,-9287.25,21,-442.25,-442.25,-9287.25,1,0,0,0,0,1,1
3,-192,5087.33333333333,0.2,1,-442.25,-442.25,-442.25,1,-442.25,-442.25,-442.25,1,0,0,0,0,1,1
3,-192,5087.33333333333,3,21,-442.25,-442.25,-9287.25,21,-442.25,-442.25,-9287.25,1,0,0,0,0,1,1
3,-192,6499.66666666667,0.2,1,-442.25,-442.25,-442.25,1,-442.25,-442.25,-442.25,1,0,0,0,0,1,1
3,-192,6499.66666666667,3,21,-341,-442.25,-9186,21,-341,-442.25,-9186,1,0,0,0,0,1,1
3,-192,7912,0.2,1,-442.25,-442.25,-442.25,1,-442.25,-442.25,-442.25,1,0,0,0,0,1,1
3,-192,7912,3,21,382.75,-442.25,-8462.25,21,382.75,-442.25,-8462.25,1,0,0,0,0,1,1
3,224,0,0.2,1,7523.66666666667,7523.66666666667,7523.66666666667,1,7523.66666666667,7523.66666666667,7523.66666666667,1,0,0,0,0,1,1
3,224,0,3,21,6136.5,7513.66666666667,156409.833333333,21,6136.5,7513.66666666667,156409.833333333,1,0,0,2.91038304567337e-11,2.91038304567337e-11,1,1
3,224,1291.33333333333,0.2,1,7540.83333333333,7540.83333333333,7540.83333333333,1,7540.83333333333,7540.83333333333,7540.83333333333,1,0,0,0,0,1,1
3,224,1291.33333333333,3,21,7169.66666666667,7513.66666666667,157443,21,7169.66666666667,7513.66666666667,157443,1,0,0,2.91038304567337e-11,2.91038304567337e-11,1,1
3,224,2582.66666666667,0.2,1,7513.83333333333,7513.83333333333,7513.83333333333,1,7513.83333333333,7513.83333333333,7513.83333333333,1,0,0,0,0,1,1
3,224,2582.66666666667,3,21,7523.66666666667,7513.66666666667,157797,21,7523.66666666667,7513.66666666667,157797,1,0,0,2.91038304567337e-11,2.91038304567337e-11,1,0
3,224,3874,0.2,1,7513.66666666667,7513.66666666667,7513.66666666667,1,7513.66666666667,7513.66666666667,7513.66666666667,1,0,0,0,0,1,1
3,224,3874,3,21,7547.83333333333,7513.66666666667,157821.166666667,21,7547.83333333333,7513.66666666667,157821.166666667,1,0,0,0,0,1,0
3,224,5165.33333333333,0.2,1,7513.66666666667,7513.66666666667,7513.66666666667,1,7513.66666666667,7513.66666666667,7513.66666666667,1,0,0,0,0,1,1
3,224,5165.33333333333,3,21,7513.66666666667,7513.66666666667,157787,21,7513.66666666667,7513.66666666667,157787,1,0,0,2.91038304567337e-11,2.91038304567337e-11,1,1
3,224,6456.66666666667,0.2,1,7513.66666666667,7513.66666666667,7513.66666666667,1,7513.66666666667,7513.66666666667,7513.66666666667,1,0,0,0,0,1,1
3,224,6456.66666666667,3,21,7513.66666666667,7513.66666666667,157787,21,7513.66666666667,7513.66666666667,157787,1,0,0,2.91038304567337e-11,2.91038304567337e-11,1,1
3,224,7748,0.2,1,7748,7748,7748,1,7748,7748,7748,1,0,0,0,0,1,1
3,224,7748,3,21,7748,7748,162708,21,7748,7748,162708,1,0,0,0,0,1,1
3,-224,-745,0.2,1,-745,-745,-745,1,-745,-745,-745,1,0,0,0,0,1,1
3,-224,-745,3,21,-745,-745,-15645,21,-745,-745,-15645,1,0,0,0,0,1,1
3,-224,670.5,0.2,1,-558.166666666667,-558.166666666667,-558.166666666667,1,-558.166666666667,-558.166666666667,-558.166666666667,1,0,0,0,0,1,1
3,-224,670.5,3,21,-558.166666666667,-558.166666666667,-11721.5,21,-558.166666666667,-558.166666666667,-11721.5,1,0,0,1.81898940354586e-12,1.81898940354586e-12,1,1
3,-224,2086,0.2,1,-558.166666666667,-558.166666666667,-558.166666666667,1,-558.166666666667,-558.166666666667,-558.166666666667,1,0,0,0,0,1,1
3,-224,2086,3,21,-558.166666666667,-558.166666666667,-11721.5,21,-558.166666666667,-558.166666666667,-11721.5,1,0,0,1.81898940354586e-12,1.81898940354586e-12,1,1
3,-224,3501.5,0.2,1,-558.166666666667,-558.166666666667,-558.166666666667,1,-558.166666666667,-558.166666666667,-558.166666666667,1,0,0,0,0,1,1
3,-224,3501.5,3,21,-558.166666666667,-558.166666666667,-11721.5,21,-558.166666666667,-558.166666666667,-11721.5,1,0,0,1.81898940354586e-12,1.81898940354586e-12,1,1
3,-224,4917,0.2,1,-558.166666666667,-558.166666666667,-558.166666666667,1,-558.166666666667,-558.166666666667,-558.166666666667,1,0,0,0,0,1,1
3,-224,4917,3,21,-558.166666666667,-558.166666666667,-11721.5,21,-558.166666666667,-558.166666666667,-11721.5,1,0,0,1.81898940354586e-12,1.81898940354586e-12,1,1
3,-224,6332.5,0.2,1,-558.166666666667,-558.166666666667,-558.166666666667,1,-558.166666666667,-558.166666666667,-558.166666666667,1,0,0,0,0,1,1
3,-224,6332.5,3,21,-532.333333333333,-558.166666666667,-11695.6666666667,21,-532.333333333333,-558.166666666667,-11695.6666666667,1,0,0,1.81898940354586e-12,1.81898940354586e-12,1,1
3,-224,7748,0.2,1,-558.166666666667,-558.166666666667,-558.166666666667,1,-558.166666666667,-558.166666666667,-558.166666666667,1,0,0,0,0,1,1
3,-224,7748,3,21,138.833333333333,-558.166666666667,-11024.5,21,138.833333333333,-558.166666666667,-11024.5,1,0,0,1.81898940354586e-12,1.81898940354586e-12,1,1
3,255,0,0.2,1,7509.66666666667,7509.66666666667,7509.66666666667,1,7509.66666666667,7509.66666666667,7509.66666666667,1,0,0,0,0,1,1
3,255,0,3,21,6797.83333333333,7538.66666666667,157672.5,21,6797.83333333333,7538.66666666667,157672.5,1,0,0,2.91038304567337e-11,2.91038304567337e-11,1,0
3,255,1299.16666666667,0.2,1,7580,7580,7580,1,7580,7580,7580,1,0,0,0,0,1,1
3,255,1299.16666666667,3,21,7373.83333333333,7538.66666666667,158211,21,7373.83333333333,7538.66666666667,158211,1,0,0,2.91038304567337e-11,2.91038304567337e-11,1,0
3,255,2598.33333333333,0.2,1,7602.5,7602.5,7602.5,1,7602.5,7602.5,7602.5,1,0,0,0,0,1,1
3,255,2598.33333333333,3,21,7502.16666666667,7538.66666666667,158339.333333333,21,7502.16666666667,7538.66666666667,158339.333333333,1,0,0,2.91038304567337e-11,2.91038304567337e-11,1,0
3,255,3897.5,0.2,1,7602.5,7602.5,7602.5,1,7602.5,7602.5,7602.5,1,0,0,0,0,1,1
3,255,3897.5,3,21,7571,7538.66666666667,158408.166666667,21,7571,7538.66666666667,158408.166666667,1,0,0,0,0,1,0
3,255,5196.66666666667,0.2,1,7602.5,7602.5,7602.5,1,7602.5,7602.5,7602.5,1,0,0,0,0,1,1
3,255,5196.66666666667,3,21,7599.5,7538.66666666667,158436.666666667,21,7599.5,7538.66666666667,158436.666666667,1,0,0,0,0,1,0
3,255,6495.83333333333,0.2,1,7602.5,7602.5,7602.5,1,7602.5,7602.5,7602.5,1,0,0,0,0,1,1
3,255,6495.83333333333,3,21,7602.5,7538.66666666667,158427.166666667,21,7602.5,7538.66666666667,158427.166666667,1,0,0,0,0,1,0
3,255,7795,0.2,1,7795,7795,7795,1,7795,7795,7795,1,0,0,0,0,1,1
3,255,7795,3,21,7795,7795,163695,21,7795,7795,163695,1,0,0,0,0,1,1
3,-255,-910,0.2,1,-910,-910,-910,1,-910,-910,-910,1,0,0,0,0,1,1
3,-255,-910,3,21,-910,-910,-19110,21,-910,-910,-19110,1,0,0,0,0,1,1
3,-255,540.833333333333,0.2,1,-681.333333333333,-681.333333333333,-681.333333333333,1,-681.333333333333,-681.333333333333,-681.333333333333,1,0,0,0,0,1,1
3,-255,540.833333333333,3,21,-681.333333333333,-681.333333333333,-14308,21,-681.333333333333,-681.333333333333,-14308,1,0,0,0,0,1,1
3,-255,1991.66666666667,0.2,1,-681.333333333333,-681.333333333333,-681.333333333333,1,-681.333333333333,-681.333333333333,-681.333333333333,1,0,0,0,0,1,1
3,-255,1991.66666666667,3,21,-681.333333333333,-681.333333333333,-14308,21,-681.333333333333,-681.333333333333,-14308,1,0,0,0,0,1,1
3,-255,3442.5,0.2,1,-681.333333333333,-681.333333333333,-681.333333333333,1,-681.333333333333,-681.333333333333,-681.333333333333,1,0,0,0,0,1,1
3,-255,3442.5,3,21,-681.333333333333,-681.333333333333,-14308,21,-681.333333333333,-681.333333333333,-14308,1,0,0,0,0,1,1
3,-255,4893.33333333333,0.2,1,-681.333333333333,-681.333333333333,-681.333333333333,1,-681.333333333333,-681.333333333333,-681.333333333333,1,0,0,0,0,1,1
3,-255,4893.33333333333,3,21,-681.333333333333,-681.333333333333,-14308,21,-681.333333333333,-681.333333333333,-14308,1,0,0,0,0,1,1
3,-255,6344.16666666667,0.2,1,-681.333333333333,-681.333333333333,-681.333333333333,1,-681.333333333333,-681.333333333333,-681.333333333333,1,0,0,0,0,1,1
3,-255,6344.16666666667,3,21,-679.666666666667,-681.333333333333,-14306.3333333333,21,-679.666666666667,-681.333333333333,-14306.3333333333,1,0,0,0,0,1,1
3,-255,7795,0.2,1,-681.333333333333,-681.333333333333,-681.333333333333,1,-681.333333333333,-681.333333333333,-681.333333333333,1,0,0,0,0,1,1
3,-255,7795,3,21,-246.666666666667,-681.333333333333,-13873.3333333333,21,-246.666666666667,-681.333333333333,-13873.3333333333,1,0,0,0,0,1,1
4,64,0,0.2,1,3117.33333333333,3117.33333333333,3117.33333333333,1,3117.33333333333,3117.33333333333,3117.33333333333,1,0,0,0,0,1,1
4,64,0,3,21,2359,6024.33333333333,118211.666666667,21,2359,6024.33333333333,118211.666666667,1,0,0,1.45519152283669e-11,1.45519152283669e-11,1,1
4,64,1008.33333333333,0.2,1,3758,3758,3758,1,3758,3758,3758,1,0,0,0,0,1,1
4,64,1008.33333333333,3,21,3237,6024.33333333333,120027.666666667,21,3237,6024.33333333333,120027.666666667,1,0,0,1.45519152283669e-11,1.45519152283669e-11,1,1
4,64,2016.66666666667,0.2,1,4100.33333333333,4100.33333333333,4100.33333333333,1,4100.33333333333,4100.33333333333,4100.33333333333,1,0,0,0,0,1,1
4,64,2016.66666666667,3,21,3735.33333333333,6024.33333333333,121392.333333333,21,3735.33333333333,6024.33333333333,121392.333333333,1,0,0,0,0,1,1
4,64,3025,0.2,1,4649.33333333333,4649.33333333333,4649.33333333333,1,4649.33333333333,4649.33333333333,4649.33333333333,1,0,0,0,0,1,1
4,64,3025,3,21,4175,6024.33333333333,122585.333333333,21,4175,6024.33333333333,122585.333333333,1,0,0,0,0,1,1
4,64,4033.33333333333,0.2,1,5306.66666666667,5306.66666666667,5306.66666666667,1,5306.66666666667,5306.66666666667,5306.66666666667,1,0,0,0,0,1,1
4,64,4033.33333333333,3,21,5056.33333333333,6024.33333333333,124327,21,5056.33333333333,6024.33333333333,124327,1,0,0,0,0,1,1
4,64,5041.66666666667,0.2,1,5723,5723,5723,1,5723,5723,5723,1,0,0,0,0,1,1
4,64,5041.66666666667,3,21,5711.33333333333,6024.33333333333,125294,21,5711.33333333333,6024.33333333333,125294,1,0,0,0,0,1,1
4,64,6050,0.2,1,6050,6050,6050,1,6050,6050,6050,1,0,0,0,0,1,1
4,64,6050,3,21,6050,6050,127050,21,6050,6050,127050,1,0,0,0,0,1,1
4,-64,-90,0.2,1,-90,-90,-90,1,-90,-90,-90,1,0,0,0,0,1,1
4,-64,-90,3,21,-90,-90,-1890,21,-90,-90,-1890,1,0,0,0,0,1,1
4,-64,933.333333333333,0.2,1,-65.6666666666667,-65.6666666666667,-65.6666666666667,1,-65.6666666666667,-65.6666666666667,-65.6666666666667,1,0,0,0,0,1,1
4,-64,933.333333333333,3,21,-65.6666666666667,-65.6666666666667,-1379,21,-65.6666666666667,-65.6666666666667,-1379,1,0,0,2.27373675443232e-13,2.27373675443232e-13,1,1
4,-64,1956.66666666667,0.2,1,-65.6666666666667,-65.6666666666667,-65.6666666666667,1,-65.6666666666667,-65.6666666666667,-65.6666666666667,1,0,0,0,0,1,1
4,-64,1956.66666666667,3,21,166.333333333333,-65.6666666666667,-1147,21,166.333333333333,-65.6666666666667,-1147,1,0,0,0,0,1,1
4,-64,2980,0.2,1,171.333333333333,171.333333333333,171.333333333333,1,171.333333333333,171.333333333333,171.333333333333,1,0,0,0,0,1,1
4,-64,2980,3,21,568.666666666667,-65.6666666666667,-744.666666666667,21,568.666666666667,-65.6666666666667,-744.666666666667,1,0,0,2.27373675443232e-13,2.27373675443232e-13,1,1
4,-64,4003.33333333333,0.2,1,602,602,602,1,602,602,602,1,0,0,0,0,1,1
4,-64,4003.33333333333,3,21,1506.66666666667,-65.6666666666667,291,21,1506.66666666667,-65.6666666666667,291,1,0,0,0,0,1,1
4,-64,5026.66666666667,0.2,1,1595.33333333333,1595.33333333333,1595.33333333333,1,1595.33333333333,1595.33333333333,1595.33333333333,1,0,0,0,0,1,1
4,-64,5026.66666666667,3,21,2596,-65.6666666666667,1712.33333333333,21,2596,-65.6666666666667,1712.33333333333,1,0,0,1.59161572810262e-12,1.59161572810262e-12,1,1
4,-64,6050,0.2,1,2976.33333333333,2976.33333333333,2976.33333333333,1,2976.33333333333,2976.33333333333,2976.33333333333,1,0,0,0,0,1,1
4,-64,6050,3,21,3936.66666666667,-65.6666666666667,4224.66666666667,21,3936.66666666667,-65.6666666666667,4224.66666666666,1,0,0,4.54747350886464e-12,4.54747350886464e-12,1,1
4,96,0,0.2,1,4761.5,4761.5,4761.5,1,4761.5,4761.5,4761.5,1,0,0,0,0,1,1
4,96,0,3,21,3754,6049.75,124749,21,3754,6049.75,124749,1,0,0,0,0,1,1
4,96,1015.83333333333,0.2,1,5677.75,5677.75,5677.75,1,5677.75,5677.75,5677.75,1,0,0,0,0,1,1
4,96,1015.83333333333,3,21,4537,6049.75,125532,21,4537,6049.75,125532,1,0,0,0,0,1,1
4,96,2031.66666666667,0.2,1,6049.75,6049.75,6049.75,1,6049.75,6049.75,6049.75,1,0,0,0,0,1,1
4,96,2031.66666666667,3,21,5259.5,6049.75,126254.5,21,5259.5,6049.75,126254.5,1,0,0,0,0,1,1
4,96,3047.5,0.2,1,6049.75,6049.75,6049.75,1,6049.75,6049.75,6049.75,1,0,0,0,0,1,1
4,96,3047.5,3,21,5841.25,6049.75,126836.25,21,5841.25,6049.75,126836.25,1,0,0,0,0,1,1
4,96,4063.33333333333,0.2,1,6049.75,6049.75,6049.75,1,6049.75,6049.75,6049.75,1,0,0,0,0,1,1
4,96,4063.33333333333,3,21,6049.75,6049.75,127044.75,21,6049.75,6049.75,127044.75,1,0,0,0,0,1,1
4,96,5079.16666666667,0.2,1,6049.75,6049.75,6049.75,1,6049.75,6049.75,6049.75,1,0,0,0,0,1,1
4,96,5079.16666666667,3,21,6049.75,6049.75,127044.75,21,6049.75,6049.75,127044.75,1,0,0,0,0,1,1
4,96,6095,0.2,1,6095,6095,6095,1,6095,6095,6095,1,0,0,0,0,1,1
4,96,6095,3,21,6095,6095,127995,21,6095,6095,127995,1,0,0,0,0,1,1
4,-96,-177,0.2,1,-177,-177,-177,1,-177,-177,-177,1,0,0,0,0,1,1
4,-96,-177,3,21,-177,-177,-3717,21,-177,-177,-3717,1,0,0,0,0,1,1
4,-96,868.333333333333,0.2,1,-131.5,-131.5,-131.5,1,-131.5,-131.5,-131.5,1,0,0,0,0,1,1
4,-96,868.333333333333,3,21,-131.5,-131.5,-2761.5,21,-131.5,-131.5,-2761.5,1,0,0,0,0,1,1
4,-96,1913.66666666667,0.2,1,-131.5,-131.5,-131.5,1,-131.5,-131.5,-131.5,1,0,0,0,0,1,1
4,-96,1913.66666666667,3,21,-131.5,-131.5,-2761.5,21,-131.5,-131.5,-2761.5,1,0,0,0,0,1,1
4,-96,2959,0.2,1,-131.5,-131.5,-131.5,1,-131.5,-131.5,-131.5,1,0,0,0,0,1,1
4,-96,2959,3,21,-131.5,-131.5,-2761.5,21,-131.5,-131.5,-2761.5,1,0,0,0,0,1,1
4,-96,4004.33333333333,0.2,1,-131.5,-131.5,-131.5,1,-131.5,-131.5,-131.5,1,0,0,0,0,1,1
4,-96,4004.33333333333,3,21,-87.75,-131.5,-2717.75,21,-87.75,-131.5,-2717.75,1,0,0,0,0,1,1
4,-96,5049.66666666667,0.2,1,-131.5,-131.5,-131.5,1,-131.5,-131.5,-131.5,1,0,0,0,0,1,1
4,-96,5049.66666666667,3,21,1110.5,-131.5,-1519.5,21,1110.5,-131.5,-1519.5,1,0,0,0,0,1,1
4,-96,6095,0.2,1,958.5,958.5,958.5,1,958.5,958.5,958.5,1,0,0,0,0,1,1
4,-96,6095,3,21,2626.25,-131.5,-3.75,21,2626.25,-131.5,-3.75,1,0,0,0,0,1,1
4,128,0,0.2,1,6146.33333333333,6146.33333333333,6146.33333333333,1,6146.33333333333,6146.33333333333,6146.33333333333,1,0,0,0,0,1,1
4,128,0,3,21,5052,6146.33333333333,127978.666666667,21,5052,6146.33333333333,127978.666666667,1,0,0,1.45519152283669e-11,1.45519152283669e-11,1,1
4,128,1030.66666666667,0.2,1,6146.33333333333,6146.33333333333,6146.33333333333,1,6146.33333333333,6146.33333333333,6146.33333333333,1,0,0,0,0,1,1
4,128,1030.66666666667,3,21,6044.83333333333,6146.33333333333,128971.5,21,6044.83333333333,6146.33333333333,128971.5,1,0,0,1.45519152283669e-11,1.45519152283669e-11,1,1
4,128,2061.33333333333,0.2,1,6146.33333333333,6146.33333333333,6146.33333333333,1,6146.33333333333,6146.33333333333,6146.33333333333,1,0,0,0,0,1,1
4,128,2061.33333333333,3,21,6146.33333333333,6146.33333333333,129073,21,6146.33333333333,6146.33333333333,129073,1,0,0,1.45519152283669e-11,1.45519152283669e-11,1,1
4,128,3092,0.2,1,6146.33333333333,6146.33333333333,6146.33333333333,1,6146.33333333333,6146.33333333333,6146.33333333333,1,0,0,0,0,1,1
4,128,3092,3,21,6146.33333333333,6146.33333333333,129073,21,6146.33333333333,6146.33333333333,129073,1,0,0,1.45519152283669e-11,1.45519152283669e-11,1,1
4,128,4122.66666666667,0.2,1,6146.33333333333,6146.33333333333,6146.33333333333,1,6146.33333333333,6146.33333333333,6146.33333333333,1,0,0,0,0,1,1
4,128,4122.66666666667,3,21,6146.33333333333,6146.33333333333,129073,21,6146.33333333333,6146.33333333333,129073,1,0,0,1.45519152283669e-11,1.45519152283669e-11,1,1
4,128,5153.33333333333,0.2,1,6146.33333333333,6146.33333333333,6146.33333333333,1,6146.33333333333,6146.33333333333,6146.33333333333,1,0,0,0,0,1,1
4,128,5153.33333333333,3,21,6146.33333333333,6146.33333333333,129073,21,6146.33333333333,6146.33333333333,129073,1,0,0,1.45519152283669e-11,1.45519152283669e-11,1,1
4,128,6184,0.2,1,6184,6184,6184,1,6184,6184,6184,1,0,0,0,0,1,1
4,128,6184,3,21,6184,6184,129864,21,6184,6184,129864,1,0,0,0,0,1,1
4,-128,-452,0.2,1,-452,-452,-452,1,-452,-452,-452,1,0,0,0,0,1,1
4,-128,-452,3,21,-452,-452,-9492,21,-452,-452,-9492,1,0,0,0,0,1,1
4,-128,654,0.2,1,-291,-291,-291,1,-291,-291,-291,1,0,0,0,0,1,1
4,-128,654,3,21,-291,-291,-6111,21,-291,-291,-6111,1,0,0,0,0,1,1
4,-128,1760,0.2,1,-291,-291,-291,1,-291,-291,-291,1,0,0,0,0,1,1
4,-128,1760,3,21,-291,-291,-6111,21,-291,-291,-6111,1,0,0,0,0,1,1
4,-128,2866,0.2,1,-291,-291,-291,1,-291,-291,-291,1,0,0,0,0,1,1
4,-128,2866,3,21,-291,-291,-6111,21,-291,-291,-6111,1,0,0,0,0,1,1
4,-128,3972,0.2,1,-291,-291,-291,1,-291,-291,-291,1,0,0,0,0,1,1
4,-128,3972,3,21,-291,-291,-6111,21,-291,-291,-6111,1,0,0,0,0,1,1
4,-128,5078,0.2,1,-291,-291,-291,1,-291,-291,-291,1,0,0,0,0,1,1
4,-128,5078,3,21,-279.166666666667,-291,-6099.16666666667,21,-279.166666666667,-291,-6099.16666666667,1,0,0,0,0,1,1
4,-128,6184,0.2,1,-291,-291,-291,1,-291,-291,-291,1,0,0,0,0,1,1
4,-128,6184,3,21,804.833333333333,-291,-5015.16666666667,21,804.833333333333,-291,-5015.16666666667,1,0,0,0,0,1,1
4,160,0,0.2,1,6186.2,6186.2,6186.2,1,6186.2,6186.2,6186.2,1,0,0,0,0,1,1
4,160,0,3,21,5927,6186.2,129651,21,5927,6186.2,129651,1,0,0,2.91038304567337e-11,2.91038304567337e-11,1,1
4,160,1051.16666666667,0.2,1,6186.2,6186.2,6186.2,1,6186.2,6186.2,6186.2,1,0,0,0,0,1,1
4,160,1051.16666666667,3,21,6160.6,6186.2,129884.6,21,6160.6,6186.2,129884.6,1,0,0,2.91038304567337e-11,2.91038304567337e-11,1,1
4,160,2102.33333333333,0.2,1,6186.2,6186.2,6186.2,1,6186.2,6186.2,6186.2,1,0,0,0,0,1,1
4,160,2102.33333333333,3,21,6186.2,6186.2,129910.2,21,6186.2,6186.2,129910.2,1,0,0,2.91038304567337e-11,2.91038304567337e-11,1,1
4,160,3153.5,0.2,1,6186.2,6186.2,6186.2,1,6186.2,6186.2,6186.2,1,0,0,0,0,1,1
4,160,3153.5,3,21,6186.2,6186.2,129910.2,21,6186.2,6186.2,129910.2,1,0,0,2.91038304567337e-11,2.91038304567337e-11,1,1
4,160,4204.66666666667,0.2,1,6186.2,6186.2,6186.2,1,6186.2,6186.2,6186.2,1,0,0,0,0,1,1
4,160,4204.66666666667,3,21,6186.2,6186.2,129910.2,21,6186.2,6186.2,129910.2,1,0,0,2.91038304567337e-11,2.91038304567337e-11,1,1
4,160,5255.83333333333,0.2,1,6186.2,6186.2,6186.2,1,6186.2,6186.2,6186.2,1,0,0,0,0,1,1
4,160,5255.83333333333,3,21,6186.2,6186.2,129910.2,21,6186.2,6186.2,129910.2,1,0,0,2.91038304567337e-11,2.91038304567337e-11,1,1
4,160,6307,0.2,1,6307,6307,6307,1,6307,6307,6307,1,0,0,0,0,1,1
4,160,6307,3,21,6307,6307,132447,21,6307,6307,132447,1,0,0,0,0,1,1
4,-160,-514,0.2,1,-514,-514,-514,1,-514,-514,-514,1,0,0,0,0,1,1
4,-160,-514,3,21,-514,-514,-10794,21,-514,-514,-10794,1,0,0,0,0,1,1
4,-160,622.833333333333,0.2,1,-409.2,-409.2,-409.2,1,-409.2,-409.2,-409.2,1,0,0,0,0,1,1
4,-160,622.833333333333,3,21,-409.2,-409.2,-8593.2,21,-409.2,-409.2,-8593.2,1,0,0,1.81898940354586e-12,1.81898940354586e-12,1,1
4,-160,1759.66666666667,0.2,1,-409.2,-409.2,-409.2,1,-409.2,-409.2,-409.2,1,0,0,0,0,1,1
4,-160,1759.66666666667,3,21,-409.2,-409.2,-8593.2,21,-409.2,-409.2,-8593.2,1,0,0,1.81898940354586e-12,1.81898940354586e-12,1,1
4,-160,2896.5,0.2,1,-409.2,-409.2,-409.2,1,-409.2,-409.2,-409.2,1,0,0,0,0,1,1
4,-160,2896.5,3,21,-409.2,-409.2,-8593.2,21,-409.2,-409.2,-8593.2,1,0,0,1.81898940354586e-12,1.81898940354586e-12,1,1
4,-160,4033.33333333333,0.2,1,-409.2,-409.2,-409.2,1,-409.2,-409.2,-409.2,1,0,0,0,0,1,1
4,-160,4033.33333333333,3,21,-409.2,-409.2,-8593.2,21,-409.2,-409.2,-8593.2,1,0,0,1.81898940354586e-12,1.81898940354586e-12,1,1
4,-160,5170.16666666667,0.2,1,-409.2,-409.2,-409.2,1,-409.2,-409.2,-409.2,1,0,0,0,0,1,1
4,-160,5170.16666666667,3,21,-409.2,-409.2,-8593.2,21,-409.2,-409.2,-8593.2,1,0,0,1.81898940354586e-12,1.81898940354586e-12,1,1
4,-160,6307,0.2,1,-409.2,-409.2,-409.2,1,-409.2,-409.2,-409.2,1,0,0,0,0,1,1
4,-160,6307,3,21,-96.4,-409.2,-8280.4,21,-96.4,-409.2,-8280.4,1,0,0,1.81898940354586e-12,1.81898940354586e-12,1,1
4,192,0,0.2,1,6217.33333333333,6217.33333333333,6217.33333333333,1,6217.33333333333,6217.33333333333,6217.33333333333,1,0,0,0,0,1,1
4,192,0,3,21,6217.33333333333,6217.33333333333,130564,21,6217.33333333333,6217.33333333333,130564,1,0,0,1.45519152283669e-11,1.45519152283669e-11,1,1
4,192,1041.5,0.2,1,6217.33333333333,6217.33333333333,6217.33333333333,1,6217.33333333333,6217.33333333333,6217.33333333333,1,0,0,0,0,1,1
4,192,1041.5,3,21,6217.33333333333,6217.33333333333,130564,21,6217.33333333333,6217.33333333333,130564,1,0,0,1.45519152283669e-11,1.45519152283669e-11,1,1
4,192,2083,0.2,1,6217.33333333333,6217.33333333333,6217.33333333333,1,6217.33333333333,6217.33333333333,6217.33333333333,1,0,0,0,0,1,1
4,192,2083,3,21,6217.33333333333,6217.33333333333,130564,21,6217.33333333333,6217.33333333333,130564,1,0,0,1.45519152283669e-11,1.45519152283669e-11,1,1
4,192,3124.5,0.2,1,6217.33333333333,6217.33333333333,6217.33333333333,1,6217.33333333333,6217.33333333333,6217.33333333333,1,0,0,0,0,1,1
4,192,3124.5,3,21,6217.33333333333,6217.33333333333,130564,21,6217.33333333333,6217.33333333333,130564,1,0,0,1.45519152283669e-11,1.45519152283669e-11,1,1
4,192,4166,0.2,1,6217.33333333333,6217.33333333333,6217.33333333333,1,6217.33333333333,6217.33333333333,6217.33333333333,1,0,0,0,0,1,1
4,192,4166,3,21,6217.33333333333,6217.33333333333,130564,21,6217.33333333333,6217.33333333333,130564,1,0,0,1.45519152283669e-11,1.45519152283669e-11,1,1
4,192,5207.5,0.2,1,6217.33333333333,6217.33333333333,6217.33333333333,1,6217.33333333333,6217.33333333333,6217.33333333333,1,0,0,0,0,1,1
4,192,5207.5,3,21,6217.33333333333,6217.33333333333,130564,21,6217.33333333333,6217.33333333333,130564,1,0,0,1.45519152283669e-11,1.45519152283669e-11,1,1
4,192,6249,0.2,1,6249,6249,6249,1,6249,6249,6249,1,0,0,0,0,1,1
4,192,6249,3,21,6249,6249,131229,21,6249,6249,131229,1,0,0,0,0,1,1
4,-192,-552,0.2,1,-552,-552,-552,1,-552,-552,-552,1,0,0,0,0,1,1
4,-192,-552,3,21,-552,-552,-11592,21,-552,-552,-11592,1,0,0,0,0,1,1
4,-192,581.5,0.2,1,-468.5,-468.5,-468.5,1,-468.5,-468.5,-468.5,1,0,0,0,0,1,1
4,-192,581.5,3,21,-468.5,-468.5,-9838.5,21,-468.5,-468.5,-9838.5,1,0,0,0,0,1,1
4,-192,1715,0.2,1,-468.5,-468.5,-468.5,1,-468.5,-468.5,-468.5,1,0,0,0,0,1,1
4,-192,1715,3,21,-468.5,-468.5,-9838.5,21,-468.5,-468.5,-9838.5,1,0,0,0,0,1,1
4,-192,2848.5,0.2,1,-468.5,-468.5,-468.5,1,-468.5,-468.5,-468.5,1,0,0,0,0,1,1
4,-192,2848.5,3,21,-468.5,-468.5,-9838.5,21,-468.5,-468.5,-9838.5,1,0,0,0,0,1,1
4,-192,3982,0.2,1,-468.5,-468.5,-468.5,1,-468.5,-468.5,-468.5,1,0,0,0,0,1,1
4,-192,3982,3,21,-468.5,-468.5,-9838.5,21,-468.5,-468.5,-9838.5,1,0,0,0,0,1,1
4,-192,5115.5,0.2,1,-468.5,-468.5,-468.5,1,-468.5,-468.5,-468.5,1,0,0,0,0,1,1
4,-192,5115.5,3,21,-468.5,-468.5,-9838.5,21,-468.5,-468.5,-9838.5,1,0,0,0,0,1,1
4,-192,6249,0.2,1,-468.5,-468.5,-468.5,1,-468.5,-468.5,-468.5,1,0,0,0,0,1,1
4,-192,6249,3,21,-437.25,-468.5,-9807.25,21,-437.25,-468.5,-9807.25,1,0,0,0,0,1,1
4,224,0,0.2,1,6277.66666666667,6277.66666666667,6277.66666666667,1,6277.66666666667,6277.66666666667,6277.66666666667,1,0,0,0,0,1,1
4,224,0,3,21,6277.66666666667,6277.66666666667,131831,21,6277.66666666667,6277.66666666667,131831,1,0,0,0,0,1,1
4,224,1067.66666666667,0.2,1,6277.66666666667,6277.66666666667,6277.66666666667,1,6277.66666666667,6277.66666666667,6277.66666666667,1,0,0,0,0,1,1
4,224,1067.66666666667,3,21,6277.66666666667,6277.66666666667,131831,21,6277.66666666667,6277.66666666667,131831,1,0,0,0,0,1,1
4,224,2135.33333333333,0.2,1,6277.66666666667,6277.66666666667,6277.66666666667,1,6277.66666666667,6277.66666666667,6277.66666666667,1,0,0,0,0,1,1
4,224,2135.33333333333,3,21,6277.66666666667,6277.66666666667,131831,21,6277.66666666667,6277.66666666667,131831,1,0,0,0,0,1,1
4,224,3203,0.2,1,6277.66666666667,6277.66666666667,6277.66666666667,1,6277.66666666667,6277.66666666667,6277.66666666667,1,0,0,0,0,1,1
4,224,3203,3,21,6277.66666666667,6277.66666666667,131831,21,6277.66666666667,6277.66666666667,131831,1,0,0,0,0,1,1
4,224,4270.66666666667,0.2,1,6277.66666666667,6277.66666666667,6277.66666666667,1,6277.66666666667,6277.66666666667,6277.66666666667,1,0,0,0,0,1,1
4,224,4270.66666666667,3,21,6277.66666666667,6277.66666666667,131831,21,6277.66666666667,6277.66666666667,131831,1,0,0,0,0,1,1
4,224,5338.33333333333,0.2,1,6277.66666666667,6277.66666666667,6277.66666666667,1,6277.66666666667,6277.66666666667,6277.66666666667,1,0,0,0,0,1,1
4,224,5338.33333333333,3,21,6277.66666666667,6277.66666666667,131831,21,6277.66666666667,6277.66666666667,131831,1,0,0,0,0,1,1
4,224,6406,0.2,1,6406,6406,6406,1,6406,6406,6406,1,0,0,0,0,1,1
4,224,6406,3,21,6406,6406,134526,21,6406,6406,134526,1,0,0,0,0,1,1
4,-224,-567,0.2,1,-567,-567,-567,1,-567,-567,-567,1,0,0,0,0,1,1
4,-224,-567,3,21,-567,-567,-11907,21,-567,-567,-11907,1,0,0,0,0,1,1
4,-224,595.166666666667,0.2,1,-490,-490,-490,1,-490,-490,-490,1,0,0,0,0,1,1
4,-224,595.166666666667,3,21,-490,-490,-10290,21,-490,-490,-10290,1,0,0,0,0,1,1
4,-224,1757.33333333333,0.2,1,-490,-490,-490,1,-490,-490,-490,1,0,0,0,0,1,1
4,-224,1757.33333333333,3,21,-490,-490,-10290,21,-490,-490,-10290,1,0,0,0,0,1,1
4,-224,2919.5,0.2,1,-490,-490,-490,1,-490,-490,-490,1,0,0,0,0,1,1
4,-224,2919.5,3,21,-490,-490,-10290,21,-490,-490,-10290,1,0,0,0,0,1,1
4,-224,4081.66666666667,0.2,1,-490,-490,-490,1,-490,-490,-490,1,0,0,0,0,1,1
4,-224,4081.66666666667,3,21,-490,-490,-10290,21,-490,-490,-10290,1,0,0,0,0,1,1
4,-224,5243.83333333333,0.2,1,-490,-490,-490,1,-490,-490,-490,1,0,0,0,0,1,1
4,-224,5243.83333333333,3,21,-490,-490,-10290,21,-490,-490,-10290,1,0,0,0,0,1,1
4,-224,6406,0.2,1,-490,-490,-490,1,-490,-490,-490,1,0,0,0,0,1,1
4,-224,6406,3,21,-489.5,-490,-10289.5,21,-489.5,-490,-10289.5,1,0,0,0,0,1,1
4,255,0,0.2,1,6280.83333333333,6280.83333333333,6280.83333333333,1,6280.83333333333,6280.83333333333,6280.83333333333,1,0,0,0,0,1,1
4,255,0,3,21,6280.83333333333,6280.83333333333,131897.5,21,6280.83333333333,6280.83333333333,131897.5,1,0,0,0,0,1,1
4,255,1083.66666666667,0.2,1,6280.83333333333,6280.83333333333,6280.83333333333,1,6280.83333333333,6280.83333333333,6280.83333333333,1,0,0,0,0,1,1
4,255,1083.66666666667,3,21,6280.83333333333,6280.83333333333,131897.5,21,6280.83333333333,6280.83333333333,131897.5,1,0,0,0,0,1,1
4,255,2167.33333333333,0.2,1,6280.83333333333,6280.83333333333,6280.83333333333,1,6280.83333333333,6280.83333333333,6280.83333333333,1,0,0,0,0,1,1
4,255,2167.33333333333,3,21,6280.83333333333,6280.83333333333,131897.5,21,6280.83333333333,6280.83333333333,131897.5,1,0,0,0,0,1,1
4,255,3251,0.2,1,6280.83333333333,6280.83333333333,6280.83333333333,1,6280.83333333333,6280.83333333333,6280.83333333333,1,0,0,0,0,1,1
4,255,3251,3,21,6280.83333333333,6280.83333333333,131897.5,21,6280.83333333333,6280.83333333333,131897.5,1,0,0,0,0,1,1
4,255,4334.66666666667,0.2,1,6280.83333333333,6280.83333333333,6280.83333333333,1,6280.83333333333,6280.83333333333,6280.83333333333,1,0,0,0,0,1,1
4,255,4334.66666666667,3,21,6280.83333333333,6280.83333333333,131897.5,21,6280.83333333333,6280.83333333333,131897.5,1,0,0,0,0,1,1
4,255,5418.33333333333,0.2,1,6280.83333333333,6280.83333333333,6280.83333333333,1,6280.83333333333,6280.83333333333,6280.83333333333,1,0,0,0,0,1,1
4,255,5418.33333333333,3,21,6280.83333333333,6280.83333333333,131897.5,21,6280.83333333333,6280.83333333333,131897.5,1,0,0,0,0,1,1
4,255,6502,0.2,1,6502,6502,6502,1,6502,6502,6502,1,0,0,0,0,1,1
4,255,6502,3,21,6502,6502,136542,21,6502,6502,136542,1,0,0,0,0,1,1
4,-255,-671,0.2,1,-671,-671,-671,1,-671,-671,-671,1,0,0,0,0,1,1
4,-255,-671,3,21,-671,-671,-14091,21,-671,-671,-14091,1,0,0,0,0,1,1
4,-255,524.5,0.2,1,-562.166666666667,-562.166666666667,-562.166666666667,1,-562.166666666667,-562.166666666667,-562.166666666667,1,0,0,0,0,1,1
4,-255,524.5,3,21,-562.166666666667,-562.166666666667,-11805.5,21,-562.166666666667,-562.166666666667,-11805.5,1,0,0,1.81898940354586e-12,1.81898940354586e-12,1,1
4,-255,1720,0.2,1,-562.166666666667,-562.166666666667,-562.166666666667,1,-562.166666666667,-562.166666666667,-562.166666666667,1,0,0,0,0,1,1
4,-255,1720,3,21,-562.166666666667,-562.166666666667,-11805.5,21,-562.166666666667,-562.166666666667,-11805.5,1,0,0,1.81898940354586e-12,1.81898940354586e-12,1,1
4,-255,2915.5,0.2,1,-562.166666666667,-562.166666666667,-562.166666666667,1,-562.166666666667,-562.166666666667,-562.166666666667,1,0,0,0,0,1,1
4,-255,2915.5,3,21,-562.166666666667,-562.166666666667,-11805.5,21,-562.166666666667,-562.166666666667,-11805.5,1,0,0,1.81898940354586e-12,1.81898940354586e-12,1,1
4,-255,4111,0.2,1,-562.166666666667,-562.166666666667,-562.166666666667,1,-562.166666666667,-562.166666666667,-562.166666666667,1,0,0,0,0,1,1
4,-255,4111,3,21,-562.166666666667,-562.166666666667,-11805.5,21,-562.166666666667,-562.166666666667,-11805.5,1,0,0,1.81898940354586e-12,1.81898940354586e-12,1,1
4,-255,5306.5,0.2,1,-562.166666666667,-562.166666666667,-562.166666666667,1,-562.166666666667,-562.166666666667,-562.166666666667,1,0,0,0,0,1,1
4,-255,5306.5,3,21,-562.166666666667,-562.166666666667,-11805.5,21,-562.166666666667,-562.166666666667,-11805.5,1,0,0,1.81898940354586e-12,1.81898940354586e-12,1,1
4,-255,6502,0.2,1,-562.166666666667,-562.166666666667,-562.166666666667,1,-562.166666666667,-562.166666666667,-562.166666666667,1,0,0,0,0,1,1
4,-255,6502,3,21,-562.166666666667,-562.166666666667,-11805.5,21,-562.166666666667,-562.166666666667,-11805.5,1,0,0,1.81898940354586e-12,1.81898940354586e-12,1,1
