grid,motor,direction,pwm,pwm_magnitude,duration,n_initial,n_unique_endpoints,mean_displacement,min_displacement,max_displacement,mean_abs_stroke_fraction,min_abs_stroke_fraction,max_abs_stroke_fraction,modal_endpoint_percent,q_final_min,q_final_max,motor_global_min,motor_global_max,motor_stroke,grid_initial_min,grid_initial_max
globalPerMotor,1,closing,64,64,0.2,21,21,2079.54920634921,0,4796.33333333333,0.11397288207548,0,0.262870400818444,4.76190476190476,3925.33333333333,17375,-871,17375,18246,-871,17375
globalPerMotor,1,closing,96,96,0.2,21,21,4368.45238095238,0,7150.75,0.239419729307924,0,0.391907815411597,4.76190476190476,6279.75,17375,-871,17375,18246,-871,17375
globalPerMotor,1,closing,128,128,0.2,21,17,5931.34920634921,0,8870.5,0.325076685648866,0,0.486161350432972,23.8095238095238,7999.5,17375,-871,17375,18246,-871,17375
globalPerMotor,1,closing,160,160,0.2,21,17,6494.22857142857,0,9894.8,0.355926152111617,0,0.542299682122109,23.8095238095238,9023.8,17375,-871,17375,18246,-871,17375
globalPerMotor,1,closing,192,192,0.2,21,13,7069.01587301587,0,10734.6666666667,0.387428251288824,0,0.588329862252914,42.8571428571429,9863.66666666667,17375,-871,17375,18246,-871,17375
globalPerMotor,1,closing,224,224,0.2,21,13,7340.34126984127,0,11307.8333333333,0.402298655587048,0,0.619743140048961,42.8571428571429,10436.8333333333,17375,-871,17375,18246,-871,17375
globalPerMotor,1,closing,255,255,0.2,21,12,7653.90476190476,0,12047.6666666667,0.419483983443207,0,0.660290840001461,47.6190476190476,11176.6666666667,17375,-871,17375,18246,-871,17375
globalPerMotor,1,opening,-64,64,0.2,21,17,-3879.52380952381,-7013,0,0.21262324945324,0,0.384358215499288,19.047619047619,-871,10362,-871,17375,18246,-871,17375
globalPerMotor,1,opening,-96,96,0.2,21,15,-5699.89285714286,-7887,0,0.312391365622211,0,0.432259125287734,33.3333333333333,-871,9800.75,-871,17375,18246,-871,17375
globalPerMotor,1,opening,-128,128,0.2,21,14,-6663.13492063492,-9633.56666666667,0,0.365183323502955,0,0.527982388834082,38.0952380952381,-871,8448.83333333333,-871,17375,18246,-871,17375
globalPerMotor,1,opening,-160,160,0.2,21,13,-7193.78095238095,-10666.1,0,0.394266192720648,0,0.584571960977749,42.8571428571429,-871,7267.2,-871,17375,18246,-871,17375
globalPerMotor,1,opening,-192,192,0.2,21,11,-7631.11904761905,-11682.7,0,0.418235177442675,0,0.640288282363258,52.3809523809524,-871,6347.75,-871,17375,18246,-871,17375
globalPerMotor,1,opening,-224,224,0.2,21,10,-7836.46031746032,-12178.5,0,0.429489220511911,0,0.667461361394278,57.1428571428571,-871,5833.66666666667,-871,17375,18246,-871,17375
globalPerMotor,1,opening,-255,255,0.2,21,10,-8127.94444444445,-12850.1333333333,0,0.445464454918582,0,0.704271255800358,57.1428571428571,-871,5034.33333333333,-871,17375,18246,-871,17375
globalPerMotor,2,closing,64,64,0.2,21,20,572.139682539683,0,2345.33333333333,0.0783967775472297,0,0.321366584452361,9.52380952380952,1868.33333333333,6821,-477,6821,7298,-477,6821
globalPerMotor,2,closing,96,96,0.2,21,20,1504.35,0,4095.75,0.206131816936147,0,0.561215401479857,9.52380952380952,3618.75,6821,-477,6821,7298,-477,6821
globalPerMotor,2,closing,128,128,0.2,21,20,2837.28253968254,0,5999.66666666667,0.388775354848252,0,0.822097378277154,9.52380952380952,5522.66666666667,6821,-477,6821,7298,-477,6821
globalPerMotor,2,closing,160,160,0.2,21,20,3239.92380952381,0,6682.6,0.443946808649467,0,0.915675527541792,9.52380952380952,6205.6,6821,-477,6821,7298,-477,6821
globalPerMotor,2,closing,192,192,0.2,21,2,3363.28571428571,0,6998,0.460850330814705,0,0.95889284735544,95.2380952380952,6521,6821,-477,6821,7298,-477,6821
globalPerMotor,2,closing,224,224,0.2,21,2,3435.50793650794,0,7073.83333333333,0.470746497192099,0,0.969283822051704,95.2380952380952,6596.83333333333,6821,-477,6821,7298,-477,6821
globalPerMotor,2,closing,255,255,0.2,21,2,3500.5873015873,0,7142.16666666667,0.479663921839861,0,0.978647117931854,95.2380952380952,6665.16666666667,6821,-477,6821,7298,-477,6821
globalPerMotor,2,opening,-64,64,0.2,21,14,-1819.48095238095,-4411,0,0.249312270811312,0,0.604412167717183,38.0952380952381,-477,2410,-477,6821,7298,-477,6821
globalPerMotor,2,opening,-96,96,0.2,21,6,-3168.54761904762,-6361.5,0,0.434166568792494,0,0.871677171827898,61.9047619047619,-477,459.5,-477,6821,7298,-477,6821
globalPerMotor,2,opening,-128,128,0.2,21,5,-3393.23015873016,-6925,0,0.464953433643486,0,0.948890106878597,76.1904761904762,-477,-104,-477,6821,7298,-477,6821
globalPerMotor,2,opening,-160,160,0.2,21,2,-3480.80952380952,-7121.4,0,0.476953894739589,0,0.975801589476569,95.2380952380952,-477,-300.4,-477,6821,7298,-477,6821
globalPerMotor,2,opening,-192,192,0.2,21,2,-3541.14285714286,-7184.75,0,0.485220999882551,0,0.984482049876679,95.2380952380952,-477,-363.75,-477,6821,7298,-477,6821
globalPerMotor,2,opening,-224,224,0.2,21,2,-3569.95238095238,-7215,0,0.489168591525402,0,0.988627021101672,95.2380952380952,-477,-394,-477,6821,7298,-477,6821
globalPerMotor,2,opening,-255,255,0.2,21,2,-3611.22222222222,-7258.33333333333,0,0.494823543741055,0,0.994564720928108,95.2380952380952,-477,-437.333333333333,-477,6821,7298,-477,6821
globalPerMotor,3,closing,64,64,0.2,21,19,1324.23174603175,0,4091.66666666667,0.150105616190404,0,0.463802614675433,14.2857142857143,3181.66666666667,7912,-910,7912,8822,-910,7912
globalPerMotor,3,closing,96,96,0.2,21,19,1241.9,0,4337.75,0.140773067331671,0,0.491696894128316,14.2857142857143,3427.75,7912,-910,7912,8822,-910,7912
globalPerMotor,3,closing,128,128,0.2,21,19,3645.45555555556,0,7324.83333333333,0.413223254993828,0,0.830291695004912,14.2857142857143,6414.83333333333,7912,-910,7912,8822,-910,7912
globalPerMotor,3,closing,160,160,0.2,21,17,4096.86666666667,0,8374.4,0.464392050177586,0,0.949263205622308,14.2857142857143,7464.4,7912,-910,7912,8822,-910,7912
globalPerMotor,3,closing,192,192,0.2,21,5,4138,0,8420,0.46905463613693,0,0.954432101564271,71.4285714285714,7510,7912,-910,7912,8822,-910,7912
globalPerMotor,3,closing,224,224,0.2,21,9,4039.80952380952,0,8433.66666666667,0.457924452936922,0,0.955981258973778,52.3809523809524,7513.66666666667,7912,-910,7912,8822,-910,7912
globalPerMotor,3,closing,255,255,0.2,21,8,4096.92063492063,0,8419.66666666667,0.464398167640063,0,0.95439431723721,57.1428571428571,7509.66666666667,7912,-910,7912,8822,-910,7912
globalPerMotor,3,opening,-64,64,0.2,21,11,-2953.41428571429,-6370.33333333333,0,0.334778313955371,0,0.722096274465352,33.3333333333333,-910,1541.66666666667,-910,7912,8822,-910,7912
globalPerMotor,3,opening,-96,96,0.2,21,5,-3800.65,-8150.25,0,0.430815007934709,0,0.923855134890048,61.9047619047619,-910,-238.25,-910,7912,8822,-910,7912
globalPerMotor,3,opening,-128,128,0.2,21,6,-3936.45555555555,-7985.5,0,0.446208972518199,0,0.905180231240082,71.4285714285714,-910,-73.5,-910,7912,8822,-910,7912
globalPerMotor,3,opening,-160,160,0.2,21,4,-3983.38571428571,-8365.2,0,0.451528645917673,0,0.948220358195421,85.7142857142857,-910,-453.2,-910,7912,8822,-910,7912
globalPerMotor,3,opening,-192,192,0.2,21,3,-3966.79285714286,-8354.25,0,0.44964779609418,0,0.946979143051462,90.4761904761905,-910,-442.25,-910,7912,8822,-910,7912
globalPerMotor,3,opening,-224,224,0.2,21,2,-4075.92063492064,-8470.16666666667,0,0.462017755035211,0,0.960118642786972,95.2380952380952,-910,-558.166666666667,-910,7912,8822,-910,7912
globalPerMotor,3,opening,-255,255,0.2,21,2,-4193.22222222222,-8593.33333333333,0,0.475314239653392,0,0.974079951636061,95.2380952380952,-910,-681.333333333333,-910,7912,8822,-910,7912
globalPerMotor,4,closing,64,64,0.2,21,19,1748.38968253968,0,3788.33333333333,0.243745947656445,0,0.52813792462475,9.52380952380952,3117.33333333333,6502,-671,6502,7173,-671,6502
globalPerMotor,4,closing,96,96,0.2,21,10,2898.44523809524,0,5432.5,0.40407712785379,0,0.757353966262373,52.3809523809524,4761.5,6502,-671,6502,7173,-671,6502
globalPerMotor,4,closing,128,128,0.2,21,2,3247.76984126984,0,6817.33333333333,0.452777058590526,0,0.950415911520052,95.2380952380952,6146.33333333333,6502,-671,6502,7173,-671,6502
globalPerMotor,4,closing,160,160,0.2,21,2,3285.7380952381,0,6857.2,0.458070276765383,0,0.955973790603653,95.2380952380952,6186.2,6502,-671,6502,7173,-671,6502
globalPerMotor,4,closing,192,192,0.2,21,2,3315.38888888889,0,6888.33333333333,0.462203943801602,0,0.960314140991682,95.2380952380952,6217.33333333333,6502,-671,6502,7173,-671,6502
globalPerMotor,4,closing,224,224,0.2,21,2,3372.84920634921,0,6948.66666666667,0.470214583347164,0,0.968725312514522,95.2380952380952,6277.66666666667,6502,-671,6502,7173,-671,6502
globalPerMotor,4,closing,255,255,0.2,21,2,3375.86507936508,0,6951.83333333333,0.470635031279113,0,0.969166782843069,95.2380952380952,6280.83333333333,6502,-671,6502,7173,-671,6502
globalPerMotor,4,opening,-64,64,0.2,21,15,-2237.97698412698,-3525.66666666667,0,0.312000137198799,0,0.49151912263581,28.5714285714286,-671,2976.33333333333,-671,6502,7173,-671,6502
globalPerMotor,4,opening,-96,96,0.2,21,6,-2954.64761904762,-5543.5,0,0.411912396354053,0,0.772828663041963,71.4285714285714,-671,958.5,-671,6502,7173,-671,6502
globalPerMotor,4,opening,-128,128,0.2,21,3,-3225.6119047619,-6793,0,0.449687983376816,0,0.947023560574376,90.4761904761905,-671,-291,-671,6502,7173,-671,6502
globalPerMotor,4,opening,-160,160,0.2,21,2,-3337.16666666667,-6911.2,0,0.465240020447047,0,0.963502021469399,95.2380952380952,-671,-409.2,-671,6502,7173,-671,6502
globalPerMotor,4,opening,-192,192,0.2,21,2,-3393.64285714286,-6970.5,0,0.473113461193762,0,0.97176913425345,95.2380952380952,-671,-468.5,-671,6502,7173,-671,6502
globalPerMotor,4,opening,-224,224,0.2,21,2,-3414.11904761905,-6992,0,0.475968081363313,0,0.974766485431479,95.2380952380952,-671,-490,-671,6502,7173,-671,6502
globalPerMotor,4,opening,-255,255,0.2,21,2,-3482.84920634921,-7064.16666666667,0,0.485549868444055,0,0.984827361866258,95.2380952380952,-671,-562.166666666667,-671,6502,7173,-671,6502
